-- Generated by scripts/demo-data/generate-seed.mjs
-- Source: demo-data/catalog.json @ 2026-05-12T00:00:00.000Z
begin;

delete from public.quote_price_tiers where id in ('bc2862cd-1e9e-d93f-0e41-030553327570', 'a55940df-eeec-09ce-d404-28dd6320b314', '8e4b94ef-0a0a-98b1-5df2-e6eed5d4b7f2', 'f491fd3d-486d-24e0-54fc-4e9e1e9967a8', '66a46824-27a7-a9f8-a7ff-5aa80855976e', '0bde16c6-4fc8-bfa4-cc20-f45bd53b6233', 'af0d7f61-553d-03ce-8b49-89cdeeabf861', 'e755b999-2e64-1427-7c91-e13f2ca9990b', '2faf6d0d-bbbd-f513-dad2-fe5859adb689', '3e743e3c-d45b-7032-b00f-ed6e403750c6', 'b4d87cdd-5922-7515-fb66-1fd0bcfd2e1b', 'fa6ecb3d-925b-f7aa-3956-939fd62d7311');
delete from public.quote_options where id in ('dc336447-f0a5-087c-cfa1-7cd6c59b1d1a', '454ba7d6-b384-3439-7b52-a6205f08e33d');
delete from public.quote_lines where id in ('04969b42-4df3-8818-bc23-1de047068795', '743e1325-5e46-ffe1-c1c4-53fb698d577c', 'e75abbc3-8efa-e31c-b3d9-c25ff881b72c', 'f74f69d9-904a-e321-567b-eab1d350e520', 'fabd6317-aec8-113a-72d0-d5bb20f44fa8', '92c2f4f9-2fdb-d328-a28c-12293ea2ea75', '72632636-1a00-ef6d-5605-110f4b03bd6b', 'cb9c4bd3-17aa-63c0-40a6-12ba7ed91edc', 'efa996e9-e42c-0837-8dcc-7dc27acb1c8a', '54423ffb-f614-cc25-1c1f-54585d48dd42');
delete from public.quote_batches where id in ('2584bd80-d3a9-8466-2e69-ea71a4cd7c6e', '39b265c3-96c3-280c-61be-3b8d490cf798', '82c7ed12-01b4-7cb6-84ab-fd4e13b5d202', '5d808f64-ea11-4a18-3d02-36d7807741d1', 'aa26fff3-dea0-b760-a26a-ae202b7ca329', '9f5c1cb0-3998-0f69-2a50-c3df53dca782', '1a0e9e4a-5160-375a-c198-8eadfbb3aac9', '9d0945ac-a672-0ddf-30c8-a8801dab563c', '6cb325ec-31c6-607d-e9b9-60fe76bddf48', 'eda6ccbb-5c6d-8237-f90d-ab40f925c706');
delete from public.documents where id in ('8f5e79a9-6917-32b4-b742-0d5efc1a51af', '6b9db425-ee03-3be3-7e51-375a5525c309', '687a894f-6da0-bb5e-5eb6-07c832253bfe', '81e1144f-9970-07d2-2904-c2b000f58e15', '48e916ca-5a48-534a-89b3-2c9ecb89b322', '9f72502a-524e-df3e-951b-4b01e4b5daef', 'c16ed1a0-292d-90ce-07ed-fdaeaabcb071', '972171dc-d78b-84b8-4847-014185d149dc', 'e3ffb30d-0530-3ff7-2d88-95eeac3515ef', 'edc761c4-894e-5c5f-9516-8d0687f75bb5', 'bbd6bc65-9876-5a25-d77d-9f0a92dae62d', '934914d0-80b4-a9bd-38fe-d4a6a13debaa', '253593e7-dea5-97af-4bae-9473e4de1767', '2ea6d5d1-c75e-c589-f85a-997f2969af99', '32d0448d-f41b-bac7-6a11-33465e526cdf', 'd59adee8-8748-1ebc-edcd-8e3da833ff3c', 'd9381dc5-2c58-992c-6b74-4da7ac4b4aed', 'f02d57dc-9f73-92ef-1fed-d2a016e308ad', 'a5b8313c-3361-6a2e-a6c6-9e6dfd9bf8af', 'ce48350b-a44f-4f86-0900-f9eba4c022d8', 'd01e8628-6d27-9d01-acb4-ff499e0a9c75', '6183ba1e-1135-0029-0698-644a3ecb088c', 'de294761-d55e-0f0f-e818-cd99f287f28b', '6dd75326-8e4d-d1d6-fca4-b0ca7c6877d9', '4a0d43db-9150-da22-ebbd-7b72f5b373bb', 'd269d54b-1186-57bc-8de4-04744c49ff06', 'f58af10d-07db-5b3d-ffd0-a029d27b3a1e', '1fee8b8c-183b-9536-c5b0-f019ea6bed9d', 'eede3d9d-72c8-abbe-2436-fb9e734459c1', '786a9f2a-05e6-0f0b-2707-0e8cbfc4a9a9', 'df469631-b779-026e-c684-aa5311fec7b6', 'dbc44247-3736-93dd-f689-578de29b2eec');
delete from public.updates where id in ('17c15936-836c-ca16-ddd5-3ff031c5fd6f', '1b47dab0-30e4-631d-257d-09b6b268a4e6', '9d460f3a-63c7-5584-c9e4-0089dbd1c7e3', '49a4de13-e3b4-b425-0710-f32464280ca3', '2630c4d4-1c37-8bec-25df-bc6f10961015', '9adfc139-9c0a-f20b-a7b1-25d9620076ae', '6695946a-5e6d-3da9-c963-2987f86ef651', 'a85cb0f3-23f6-4cc9-6ebc-809f846d7ddb', 'a4be3e60-0b3d-d93f-913c-43ab72596fd6', '35c0df5d-516e-12c7-de50-163711ebe657', '8610f463-fe4e-6379-e757-20f93b43b684', '76d46a80-aadb-bc90-c546-6bf77c0e151b');
delete from public.updates where product_model in ('HDM-215A', 'HDM-215B', 'HDM-270A', 'HDM-270B', 'HT-156A', 'HT-156B', 'TAB-M8-64', 'TAB-M8-128', 'TAB-R10-WIFI', 'TAB-R10-4G', 'DT312-64', 'DT312-128', 'AX20-S', 'AX20-P', 'BAT-X6-5200', 'BAT-X6-6800', 'TX-580A', 'TX-580B', 'MB-IMX-A', 'MB-IMX-B', 'SEN-T100-I', 'SEN-T100-O', 'CTRL-200A', 'CTRL-200B') or quote_batch_id in ('2584bd80-d3a9-8466-2e69-ea71a4cd7c6e', '39b265c3-96c3-280c-61be-3b8d490cf798', '82c7ed12-01b4-7cb6-84ab-fd4e13b5d202', '5d808f64-ea11-4a18-3d02-36d7807741d1', 'aa26fff3-dea0-b760-a26a-ae202b7ca329', '9f5c1cb0-3998-0f69-2a50-c3df53dca782', '1a0e9e4a-5160-375a-c198-8eadfbb3aac9', '9d0945ac-a672-0ddf-30c8-a8801dab563c', '6cb325ec-31c6-607d-e9b9-60fe76bddf48', 'eda6ccbb-5c6d-8237-f90d-ab40f925c706');
delete from public.product_spec_items where variant_id in ('d551e948-cc8d-3e79-4e2c-bd58060611f2', '6665e9e3-1f24-edc1-a553-26a873d5b300', '02300424-01b2-0c46-b926-674e271a5f05', '489fd17c-251f-853e-ffd5-5763d2d1dc20', 'e2752e7a-cff0-dd52-d852-7fd04971225a', '9e960320-fbbc-6591-fdab-02c19d3f09d6', '5030d284-28a8-67fa-acda-8df0c7c4ad0b', 'c0b16108-5a94-8d6c-72f4-9f44393f40af', '1fdd8fa4-e30b-b6ea-da24-db1f58aaf622', '8c274cec-9d38-4e02-8bd0-7099ebb6c8b0', '89d481f5-6cfc-bd3e-2c4f-bab030cecabd', 'bab374f4-c49c-3e70-2efb-708a78959499', '45ab119a-12ba-0e72-b5af-4edccb95c0eb', '32722c2d-04b9-890f-b14a-6306cc009af1', '3b4ce5e2-eb02-e003-bdc7-40fe8fba2a97', '7913a5f0-74a6-11c0-b1c9-1a55d8d7aeff', '909f80d1-2604-be31-933d-18711c213bd1', '41eab5b1-a046-ccdf-5eb9-b23e3d505d28', '11e8ac5c-7c48-2486-5360-ab061ce0f637', '8a635a38-afb7-87fb-e518-2bf2d0c2cc6c', '30648a2f-3d98-693b-e6e3-b0b2246be2fa', '95ca0a93-a94a-acae-4054-4ddb53321ea4', 'a37e943a-182a-a539-57a9-4b04751d840c', 'c7352965-7d15-ac7f-c446-28b8f41a5e8c');
delete from public.product_companies where product_id in ('d551e948-cc8d-3e79-4e2c-bd58060611f2', '6665e9e3-1f24-edc1-a553-26a873d5b300', '02300424-01b2-0c46-b926-674e271a5f05', '489fd17c-251f-853e-ffd5-5763d2d1dc20', 'e2752e7a-cff0-dd52-d852-7fd04971225a', '9e960320-fbbc-6591-fdab-02c19d3f09d6', '5030d284-28a8-67fa-acda-8df0c7c4ad0b', 'c0b16108-5a94-8d6c-72f4-9f44393f40af', '1fdd8fa4-e30b-b6ea-da24-db1f58aaf622', '8c274cec-9d38-4e02-8bd0-7099ebb6c8b0', '89d481f5-6cfc-bd3e-2c4f-bab030cecabd', 'bab374f4-c49c-3e70-2efb-708a78959499', '45ab119a-12ba-0e72-b5af-4edccb95c0eb', '32722c2d-04b9-890f-b14a-6306cc009af1', '3b4ce5e2-eb02-e003-bdc7-40fe8fba2a97', '7913a5f0-74a6-11c0-b1c9-1a55d8d7aeff', '909f80d1-2604-be31-933d-18711c213bd1', '41eab5b1-a046-ccdf-5eb9-b23e3d505d28', '11e8ac5c-7c48-2486-5360-ab061ce0f637', '8a635a38-afb7-87fb-e518-2bf2d0c2cc6c', '30648a2f-3d98-693b-e6e3-b0b2246be2fa', '95ca0a93-a94a-acae-4054-4ddb53321ea4', 'a37e943a-182a-a539-57a9-4b04751d840c', 'c7352965-7d15-ac7f-c446-28b8f41a5e8c');

insert into public.categories (id, name, slug, description, sort_order, status, created_at, updated_at)
values
  ('7dc95b07-ae7a-8eb7-d13a-3a9ad4b0aa65', 'LCD 显示器', 'lcd-display', '覆盖工业显示器、便携显示器和工控显示器', 10, 'active', '2026-05-12T00:00:00.000Z', '2026-05-12T00:00:00.000Z'),
  ('642a9f60-8f59-bc21-4420-ded1c0b305d6', '安卓平板', 'android-tablet', '覆盖行业平板、三防平板和 Windows 终端', 20, 'active', '2026-05-12T00:00:00.000Z', '2026-05-12T00:00:00.000Z'),
  ('87f0885b-eff9-3b04-33f1-3b576ded9c30', '无人机配件', 'drone-parts', '覆盖云台、电池和图传等无人机配件', 30, 'active', '2026-05-12T00:00:00.000Z', '2026-05-12T00:00:00.000Z'),
  ('ace71181-3eb4-845f-6f08-6a7b75763cf3', '工业元件', 'industrial-components', '覆盖主板、传感器和控制模块等工业元件', 40, 'active', '2026-05-12T00:00:00.000Z', '2026-05-12T00:00:00.000Z')
on conflict (id) do update
set name = excluded.name, slug = excluded.slug, description = excluded.description, sort_order = excluded.sort_order, status = excluded.status, updated_at = excluded.updated_at;

insert into public.brands (id, name, slug, aliases, description, status, created_at, updated_at)
values
  ('f0c1cba6-56a5-c5e3-87e0-8927bb88c575', 'AOC', 'aoc', array['AOC'], '商用显示器品牌', 'active', '2026-05-12T00:00:00.000Z', '2026-05-12T00:00:00.000Z'),
  ('cb317b8d-77f6-1a24-be7d-590bf0ba07d4', 'ASUS', 'asus', array['ASUS'], '消费与行业终端品牌', 'active', '2026-05-12T00:00:00.000Z', '2026-05-12T00:00:00.000Z'),
  ('a7c44cb2-b113-83a5-2f25-4fa48a8bf905', 'DT Research', 'dt-research', array['DT', 'DT Research'], '行业平板与移动终端品牌', 'active', '2026-05-12T00:00:00.000Z', '2026-05-12T00:00:00.000Z'),
  ('28e48a29-0bcb-c615-1002-4bea52a01210', '研华 Advantech', 'advantech', array['Advantech', '研华'], '工业计算与嵌入式平台品牌', 'active', '2026-05-12T00:00:00.000Z', '2026-05-12T00:00:00.000Z'),
  ('9a2f4e1a-780a-f23f-e06a-f567a1639f27', '智飞科技', 'zhifei', array['智飞', 'Zhifei'], '无人机配件与图传设备品牌', 'active', '2026-05-12T00:00:00.000Z', '2026-05-12T00:00:00.000Z'),
  ('466ece69-0bb2-195a-5d99-872345bc61f6', '天域电子', 'tianyue', array['天域', 'Tianyu'], '三防平板与行业设备品牌', 'active', '2026-05-12T00:00:00.000Z', '2026-05-12T00:00:00.000Z'),
  ('d1ce9360-b384-b7fc-d65e-141e309ec82d', '芯控科技', 'xinkong', array['芯控', 'Xinkong'], '工业控制与传感器品牌', 'active', '2026-05-12T00:00:00.000Z', '2026-05-12T00:00:00.000Z'),
  ('4813e6d8-203e-417b-f04f-576f711e810b', '海拓显示', 'haituo', array['海拓', 'Haituo'], '工业显示器与触控终端品牌', 'active', '2026-05-12T00:00:00.000Z', '2026-05-12T00:00:00.000Z')
on conflict (id) do update
set name = excluded.name, slug = excluded.slug, aliases = excluded.aliases, description = excluded.description, status = excluded.status, updated_at = excluded.updated_at;

insert into public.companies (id, name, slug, type, description, status, created_at, updated_at)
values
  ('61cad116-a3bf-9db0-c8a9-3695dbfde806', '深圳海拓显示有限公司', 'shenzhen-haituo', 'manufacturer', '工业显示器制造与组装工厂', 'active', '2026-05-12T00:00:00.000Z', '2026-05-12T00:00:00.000Z'),
  ('5fbb6d1d-7a1c-cbcb-5888-ed387c876e68', '上海研控电子有限公司', 'shanghai-yankong', 'supplier', '行业终端与方案整合供应商', 'active', '2026-05-12T00:00:00.000Z', '2026-05-12T00:00:00.000Z'),
  ('171bd8c4-1812-8995-8e12-556afc83b956', '深圳智飞科技有限公司', 'shenzhen-zhifei', 'brand_owner', '无人机配件品牌方与方案商', 'active', '2026-05-12T00:00:00.000Z', '2026-05-12T00:00:00.000Z'),
  ('5a8a908a-c392-ce50-7243-1063556a5edc', '苏州天域智能设备有限公司', 'suzhou-tianyue', 'manufacturer', '三防平板与行业设备制造商', 'active', '2026-05-12T00:00:00.000Z', '2026-05-12T00:00:00.000Z'),
  ('374d7bb3-4ddf-0e98-0972-ba2a3638260c', '广州芯控科技有限公司', 'guangzhou-xinkong', 'supplier', '工业元件与控制模组供应商', 'active', '2026-05-12T00:00:00.000Z', '2026-05-12T00:00:00.000Z'),
  ('38de539f-234d-6476-7aac-9eecc0bd05fa', '北京数联渠道有限公司', 'beijing-shulian', 'distributor', '区域渠道与项目交付服务商', 'active', '2026-05-12T00:00:00.000Z', '2026-05-12T00:00:00.000Z')
on conflict (id) do update
set name = excluded.name, slug = excluded.slug, type = excluded.type, description = excluded.description, status = excluded.status, updated_at = excluded.updated_at;

insert into public.product_series (id, company_id, category_id, brand_id, series_code, series_name, product_type, base_description, status, created_at, updated_at)
values
  ('6783f2f8-90ac-261e-f651-47bf1850e3c9', '61cad116-a3bf-9db0-c8a9-3695dbfde806', '7dc95b07-ae7a-8eb7-d13a-3a9ad4b0aa65', '4813e6d8-203e-417b-f04f-576f711e810b', 'HDM-215', 'HDM-215 工业显示器', '工业显示器', '21.5 寸工业显示器系列，适用于产线与设备配套。', 'active', '2026-05-12T00:00:00.000Z', '2026-05-12T00:00:00.000Z'),
  ('b4a6aaa7-d958-f343-2a8d-fb3c1a214008', '61cad116-a3bf-9db0-c8a9-3695dbfde806', '7dc95b07-ae7a-8eb7-d13a-3a9ad4b0aa65', 'f0c1cba6-56a5-c5e3-87e0-8927bb88c575', 'HDM-270', 'HDM-270 工控显示器', '工控显示器', '27 寸工控显示器系列，覆盖标准版与高亮版。', 'active', '2026-05-12T00:00:00.000Z', '2026-05-12T00:00:00.000Z'),
  ('095aee72-1056-3076-f42d-2afbbbbd1dab', '61cad116-a3bf-9db0-c8a9-3695dbfde806', '7dc95b07-ae7a-8eb7-d13a-3a9ad4b0aa65', 'cb317b8d-77f6-1a24-be7d-590bf0ba07d4', 'HT-156', 'HT-156 便携显示器', '便携显示器', '15.6 寸便携显示器系列，适合移动办公与演示。', 'active', '2026-05-12T00:00:00.000Z', '2026-05-12T00:00:00.000Z'),
  ('f697b95c-9999-4039-3294-1c1d0c4ff4b6', '5a8a908a-c392-ce50-7243-1063556a5edc', '642a9f60-8f59-bc21-4420-ded1c0b305d6', 'cb317b8d-77f6-1a24-be7d-590bf0ba07d4', 'TAB-M8', 'TAB-M8 行业平板', '行业平板', '10.1 寸行业平板系列，覆盖 WiFi 与 4G 形态。', 'active', '2026-05-12T00:00:00.000Z', '2026-05-12T00:00:00.000Z'),
  ('5caf688e-682d-213f-6449-5f39c7c0bdf0', '5a8a908a-c392-ce50-7243-1063556a5edc', '642a9f60-8f59-bc21-4420-ded1c0b305d6', '466ece69-0bb2-195a-5d99-872345bc61f6', 'TAB-R10', 'TAB-R10 三防平板', '三防平板', '10.1 寸三防平板系列，适合仓储、巡检与车载场景。', 'active', '2026-05-12T00:00:00.000Z', '2026-05-12T00:00:00.000Z'),
  ('aee2d80c-493d-6905-9964-ce53c1976fa6', '5fbb6d1d-7a1c-cbcb-5888-ed387c876e68', '642a9f60-8f59-bc21-4420-ded1c0b305d6', 'a7c44cb2-b113-83a5-2f25-4fa48a8bf905', 'DT312', 'DT312 行业终端', '行业终端', 'Windows 行业终端系列，适合移动作业与巡检。', 'active', '2026-05-12T00:00:00.000Z', '2026-05-12T00:00:00.000Z'),
  ('2cf2e0d5-9c3d-ced1-23ef-184df264fea0', '171bd8c4-1812-8995-8e12-556afc83b956', '87f0885b-eff9-3b04-33f1-3b576ded9c30', '9a2f4e1a-780a-f23f-e06a-f567a1639f27', 'AX20', 'AX20 云台相机模组', '云台相机', '无人机云台相机模组系列，适合航拍、测绘与巡检。', 'active', '2026-05-12T00:00:00.000Z', '2026-05-12T00:00:00.000Z'),
  ('faad5b73-2c0e-ff80-061c-3295081ea70c', '171bd8c4-1812-8995-8e12-556afc83b956', '87f0885b-eff9-3b04-33f1-3b576ded9c30', '9a2f4e1a-780a-f23f-e06a-f567a1639f27', 'BAT-X6', 'BAT-X6 无人机电池', '无人机电池', '无人机电池系列，覆盖不同容量与续航需求。', 'active', '2026-05-12T00:00:00.000Z', '2026-05-12T00:00:00.000Z'),
  ('ec232282-b2de-02ec-aeda-5b4d36e4daf4', '171bd8c4-1812-8995-8e12-556afc83b956', '87f0885b-eff9-3b04-33f1-3b576ded9c30', '9a2f4e1a-780a-f23f-e06a-f567a1639f27', 'TX-580', 'TX-580 图传模块', '图传模块', '5.8G 图传模块系列，适合无人机实时回传。', 'active', '2026-05-12T00:00:00.000Z', '2026-05-12T00:00:00.000Z'),
  ('76c72ea4-c3fd-e84a-f833-7dc7996da379', '374d7bb3-4ddf-0e98-0972-ba2a3638260c', 'ace71181-3eb4-845f-6f08-6a7b75763cf3', '28e48a29-0bcb-c615-1002-4bea52a01210', 'MB-IMX', 'MB-IMX 工业主板', '工业主板', '基于 i.MX8 的工业主板系列，覆盖基础接口与扩展 IO。', 'active', '2026-05-12T00:00:00.000Z', '2026-05-12T00:00:00.000Z'),
  ('58668b8b-4c4a-45f1-98b1-1c8ce519ff90', '374d7bb3-4ddf-0e98-0972-ba2a3638260c', 'ace71181-3eb4-845f-6f08-6a7b75763cf3', 'd1ce9360-b384-b7fc-d65e-141e309ec82d', 'SEN-T100', 'SEN-T100 温湿度传感器', '温湿度传感器', '温湿度传感器系列，覆盖室内与室外工业环境。', 'active', '2026-05-12T00:00:00.000Z', '2026-05-12T00:00:00.000Z'),
  ('2750f7a3-ad25-7dad-de01-b16ade5f58d9', '374d7bb3-4ddf-0e98-0972-ba2a3638260c', 'ace71181-3eb4-845f-6f08-6a7b75763cf3', 'd1ce9360-b384-b7fc-d65e-141e309ec82d', 'CTRL-200', 'CTRL-200 控制模块', '控制模块', '工业控制模块系列，适合设备接入与远程控制。', 'active', '2026-05-12T00:00:00.000Z', '2026-05-12T00:00:00.000Z')
on conflict (id) do update
set company_id = excluded.company_id, category_id = excluded.category_id, brand_id = excluded.brand_id, series_code = excluded.series_code, series_name = excluded.series_name, product_type = excluded.product_type, base_description = excluded.base_description, status = excluded.status, updated_at = excluded.updated_at;

insert into public.product_variants (id, series_id, model_code, display_name, size_inch, chipset, ram_gb, storage_gb, os_name, os_version, brightness_nits, resolution_width, resolution_height, summary_config_text, status, created_at, updated_at)
values
  ('d551e948-cc8d-3e79-4e2c-bd58060611f2', '6783f2f8-90ac-261e-f651-47bf1850e3c9', 'HDM-215A', 'HDM-215A 21.5 寸标准版', 21.5, null, null, null, null, null, 250, 1920, 1080, '21.5 寸，1920x1080，250nit，工业标准版', 'active', '2026-05-12T00:00:00.000Z', '2026-05-12T00:00:00.000Z'),
  ('6665e9e3-1f24-edc1-a553-26a873d5b300', '6783f2f8-90ac-261e-f651-47bf1850e3c9', 'HDM-215B', 'HDM-215B 21.5 寸触控版', 21.5, null, null, null, null, null, 350, 1920, 1080, '21.5 寸，1920x1080，350nit，电容触控', 'active', '2026-05-12T00:00:00.000Z', '2026-05-12T00:00:00.000Z'),
  ('02300424-01b2-0c46-b926-674e271a5f05', 'b4a6aaa7-d958-f343-2a8d-fb3c1a214008', 'HDM-270A', 'HDM-270A 27 寸标准版', 27, null, null, null, null, null, 300, 1920, 1080, '27 寸，1920x1080，工控标准版', 'active', '2026-05-12T00:00:00.000Z', '2026-05-12T00:00:00.000Z'),
  ('489fd17c-251f-853e-ffd5-5763d2d1dc20', 'b4a6aaa7-d958-f343-2a8d-fb3c1a214008', 'HDM-270B', 'HDM-270B 27 寸高亮版', 27, null, null, null, null, null, 500, 2560, 1440, '27 寸，2560x1440，高亮版', 'active', '2026-05-12T00:00:00.000Z', '2026-05-12T00:00:00.000Z'),
  ('e2752e7a-cff0-dd52-d852-7fd04971225a', '095aee72-1056-3076-f42d-2afbbbbd1dab', 'HT-156A', 'HT-156A 15.6 寸轻薄版', 15.6, null, null, null, null, null, 280, 1920, 1080, '15.6 寸便携显示器，Type-C 供电', 'active', '2026-05-12T00:00:00.000Z', '2026-05-12T00:00:00.000Z'),
  ('9e960320-fbbc-6591-fdab-02c19d3f09d6', '095aee72-1056-3076-f42d-2afbbbbd1dab', 'HT-156B', 'HT-156B 15.6 寸触控版', 15.6, null, null, null, null, null, 320, 1920, 1080, '15.6 寸触控便携屏', 'active', '2026-05-12T00:00:00.000Z', '2026-05-12T00:00:00.000Z'),
  ('5030d284-28a8-67fa-acda-8df0c7c4ad0b', 'f697b95c-9999-4039-3294-1c1d0c4ff4b6', 'TAB-M8-64', 'TAB-M8-64 10.1 寸基础版', 10.1, null, 8, 64, 'Android', '13', null, null, null, '10.1 寸，8GB+64GB，WiFi 版', 'active', '2026-05-12T00:00:00.000Z', '2026-05-12T00:00:00.000Z'),
  ('c0b16108-5a94-8d6c-72f4-9f44393f40af', 'f697b95c-9999-4039-3294-1c1d0c4ff4b6', 'TAB-M8-128', 'TAB-M8-128 10.1 寸 4G 版', 10.1, null, 8, 128, 'Android', '13', null, null, null, '10.1 寸，8GB+128GB，4G 全网通', 'active', '2026-05-12T00:00:00.000Z', '2026-05-12T00:00:00.000Z'),
  ('1fdd8fa4-e30b-b6ea-da24-db1f58aaf622', '5caf688e-682d-213f-6449-5f39c7c0bdf0', 'TAB-R10-WIFI', 'TAB-R10-WIFI 10.1 寸 WiFi 版', 10.1, null, 8, 128, 'Android', '13', 500, null, null, '10.1 寸，WiFi，IP65 三防平板', 'active', '2026-05-12T00:00:00.000Z', '2026-05-12T00:00:00.000Z'),
  ('8c274cec-9d38-4e02-8bd0-7099ebb6c8b0', '5caf688e-682d-213f-6449-5f39c7c0bdf0', 'TAB-R10-4G', 'TAB-R10-4G 10.1 寸 4G 版', 10.1, null, 8, 128, 'Android', '13', 600, null, null, '10.1 寸，4G，IP65，600nit 高亮', 'active', '2026-05-12T00:00:00.000Z', '2026-05-12T00:00:00.000Z'),
  ('89d481f5-6cfc-bd3e-2c4f-bab030cecabd', 'aee2d80c-493d-6905-9964-ce53c1976fa6', 'DT312-64', 'DT312-64 Windows 基础版', 10.1, null, 8, 64, 'Windows', '11', null, null, null, 'Windows 11，8GB+64GB，移动作业终端', 'active', '2026-05-12T00:00:00.000Z', '2026-05-12T00:00:00.000Z'),
  ('bab374f4-c49c-3e70-2efb-708a78959499', 'aee2d80c-493d-6905-9964-ce53c1976fa6', 'DT312-128', 'DT312-128 Windows 高配版', 10.1, null, 8, 128, 'Windows', '11', null, null, null, 'Windows 11，8GB+128GB，现场运维终端', 'active', '2026-05-12T00:00:00.000Z', '2026-05-12T00:00:00.000Z'),
  ('45ab119a-12ba-0e72-b5af-4edccb95c0eb', '2cf2e0d5-9c3d-ced1-23ef-184df264fea0', 'AX20-S', 'AX20-S 1080P 轻载版', null, null, null, null, null, null, null, null, null, '1080P 云台相机，适配轻载航拍', 'active', '2026-05-12T00:00:00.000Z', '2026-05-12T00:00:00.000Z'),
  ('32722c2d-04b9-890f-b14a-6306cc009af1', '2cf2e0d5-9c3d-ced1-23ef-184df264fea0', 'AX20-P', 'AX20-P 1080P 变焦版', null, null, null, null, null, null, null, null, null, '1080P 云台相机，支持 10x 变焦', 'active', '2026-05-12T00:00:00.000Z', '2026-05-12T00:00:00.000Z'),
  ('3b4ce5e2-eb02-e003-bdc7-40fe8fba2a97', 'faad5b73-2c0e-ff80-061c-3295081ea70c', 'BAT-X6-5200', 'BAT-X6-5200 5200mAh 标准版', null, null, null, null, null, null, null, null, null, '5200mAh，无人机标准电池', 'active', '2026-05-12T00:00:00.000Z', '2026-05-12T00:00:00.000Z'),
  ('7913a5f0-74a6-11c0-b1c9-1a55d8d7aeff', 'faad5b73-2c0e-ff80-061c-3295081ea70c', 'BAT-X6-6800', 'BAT-X6-6800 6800mAh 长航版', null, null, null, null, null, null, null, null, null, '6800mAh，无人机长航时电池', 'active', '2026-05-12T00:00:00.000Z', '2026-05-12T00:00:00.000Z'),
  ('909f80d1-2604-be31-933d-18711c213bd1', 'ec232282-b2de-02ec-aeda-5b4d36e4daf4', 'TX-580A', 'TX-580A 基础版', null, null, null, null, null, null, null, null, null, '无人机基础图传模块', 'active', '2026-05-12T00:00:00.000Z', '2026-05-12T00:00:00.000Z'),
  ('41eab5b1-a046-ccdf-5eb9-b23e3d505d28', 'ec232282-b2de-02ec-aeda-5b4d36e4daf4', 'TX-580B', 'TX-580B 增强版，低延迟', null, null, null, null, null, null, null, null, null, '低延迟增强型图传模块', 'active', '2026-05-12T00:00:00.000Z', '2026-05-12T00:00:00.000Z'),
  ('11e8ac5c-7c48-2486-5360-ab061ce0f637', '76c72ea4-c3fd-e84a-f833-7dc7996da379', 'MB-IMX-A', 'MB-IMX-A 基础接口版', null, null, null, null, null, null, null, null, null, '工业主板基础接口配置', 'active', '2026-05-12T00:00:00.000Z', '2026-05-12T00:00:00.000Z'),
  ('8a635a38-afb7-87fb-e518-2bf2d0c2cc6c', '76c72ea4-c3fd-e84a-f833-7dc7996da379', 'MB-IMX-B', 'MB-IMX-B 扩展 IO 版', null, null, null, null, null, null, null, null, null, '扩展 IO 工业主板', 'active', '2026-05-12T00:00:00.000Z', '2026-05-12T00:00:00.000Z'),
  ('30648a2f-3d98-693b-e6e3-b0b2246be2fa', '58668b8b-4c4a-45f1-98b1-1c8ce519ff90', 'SEN-T100-I', 'SEN-T100-I 室内监测版', null, null, null, null, null, null, null, null, null, '室内环境温湿度监测', 'active', '2026-05-12T00:00:00.000Z', '2026-05-12T00:00:00.000Z'),
  ('95ca0a93-a94a-acae-4054-4ddb53321ea4', '58668b8b-4c4a-45f1-98b1-1c8ce519ff90', 'SEN-T100-O', 'SEN-T100-O 室外工业版', null, null, null, null, null, null, null, null, null, '室外工业温湿度监测', 'active', '2026-05-12T00:00:00.000Z', '2026-05-12T00:00:00.000Z'),
  ('a37e943a-182a-a539-57a9-4b04751d840c', '2750f7a3-ad25-7dad-de01-b16ade5f58d9', 'CTRL-200A', 'CTRL-200A 标准控制版', null, null, null, null, null, null, null, null, null, '标准控制模块，适合设备接入', 'active', '2026-05-12T00:00:00.000Z', '2026-05-12T00:00:00.000Z'),
  ('c7352965-7d15-ac7f-c446-28b8f41a5e8c', '2750f7a3-ad25-7dad-de01-b16ade5f58d9', 'CTRL-200B', 'CTRL-200B 高配通信版', null, null, null, null, null, null, null, null, null, '高配通信控制模块，支持 CAN', 'active', '2026-05-12T00:00:00.000Z', '2026-05-12T00:00:00.000Z')
on conflict (id) do update
set series_id = excluded.series_id, model_code = excluded.model_code, display_name = excluded.display_name, size_inch = excluded.size_inch, chipset = excluded.chipset, ram_gb = excluded.ram_gb, storage_gb = excluded.storage_gb, os_name = excluded.os_name, os_version = excluded.os_version, brightness_nits = excluded.brightness_nits, resolution_width = excluded.resolution_width, resolution_height = excluded.resolution_height, summary_config_text = excluded.summary_config_text, status = excluded.status, updated_at = excluded.updated_at;

insert into public.products (id, category, model, name, spec_json, tags, status, category_id, brand_id, description, created_at, updated_at)
values
  ('d551e948-cc8d-3e79-4e2c-bd58060611f2', 'LCD 显示器', 'HDM-215A', 'HDM-215A 21.5 寸标准版', '{"screen_size":"21.5寸","resolution":"1920x1080","brightness":"250nit","interface":"HDMI / VGA / USB","panel":"IPS","mounting":"VESA 100","keyword_hint":"工业显示 产线"}'::jsonb, array['21.5寸', '1920x1080', '工业显示器', '标准版'], 'active', '7dc95b07-ae7a-8eb7-d13a-3a9ad4b0aa65', '4813e6d8-203e-417b-f04f-576f711e810b', '21.5 寸工业显示器系列，适用于产线与设备配套。', '2026-05-12T00:00:00.000Z', '2026-05-12T00:00:00.000Z'),
  ('6665e9e3-1f24-edc1-a553-26a873d5b300', 'LCD 显示器', 'HDM-215B', 'HDM-215B 21.5 寸触控版', '{"screen_size":"21.5寸","resolution":"1920x1080","brightness":"350nit","interface":"HDMI / DP / USB","touch":"10点电容触控","panel":"IPS","mounting":"VESA 100","keyword_hint":"工业显示 触控"}'::jsonb, array['21.5寸', '1920x1080', '触控', '工业显示器'], 'active', '7dc95b07-ae7a-8eb7-d13a-3a9ad4b0aa65', '4813e6d8-203e-417b-f04f-576f711e810b', '21.5 寸工业显示器系列，适用于产线与设备配套。', '2026-05-12T00:00:00.000Z', '2026-05-12T00:00:00.000Z'),
  ('02300424-01b2-0c46-b926-674e271a5f05', 'LCD 显示器', 'HDM-270A', 'HDM-270A 27 寸标准版', '{"screen_size":"27寸","resolution":"1920x1080","brightness":"300nit","interface":"HDMI / VGA","panel":"IPS","mounting":"VESA 100"}'::jsonb, array['27寸', '1920x1080', '工控显示器'], 'active', '7dc95b07-ae7a-8eb7-d13a-3a9ad4b0aa65', 'f0c1cba6-56a5-c5e3-87e0-8927bb88c575', '27 寸工控显示器系列，覆盖标准版与高亮版。', '2026-05-12T00:00:00.000Z', '2026-05-12T00:00:00.000Z'),
  ('489fd17c-251f-853e-ffd5-5763d2d1dc20', 'LCD 显示器', 'HDM-270B', 'HDM-270B 27 寸高亮版', '{"screen_size":"27寸","resolution":"2560x1440","brightness":"500nit","interface":"HDMI / DP","panel":"IPS","mounting":"VESA 100"}'::jsonb, array['27寸', '2560x1440', '高亮', '工控显示器'], 'active', '7dc95b07-ae7a-8eb7-d13a-3a9ad4b0aa65', 'f0c1cba6-56a5-c5e3-87e0-8927bb88c575', '27 寸工控显示器系列，覆盖标准版与高亮版。', '2026-05-12T00:00:00.000Z', '2026-05-12T00:00:00.000Z'),
  ('e2752e7a-cff0-dd52-d852-7fd04971225a', 'LCD 显示器', 'HT-156A', 'HT-156A 15.6 寸轻薄版', '{"screen_size":"15.6寸","resolution":"1920x1080","brightness":"280nit","interface":"Type-C / Mini HDMI","weight":"920g","keyword_hint":"便携显示器"}'::jsonb, array['15.6寸', '便携显示器', 'Type-C'], 'active', '7dc95b07-ae7a-8eb7-d13a-3a9ad4b0aa65', 'cb317b8d-77f6-1a24-be7d-590bf0ba07d4', '15.6 寸便携显示器系列，适合移动办公与演示。', '2026-05-12T00:00:00.000Z', '2026-05-12T00:00:00.000Z'),
  ('9e960320-fbbc-6591-fdab-02c19d3f09d6', 'LCD 显示器', 'HT-156B', 'HT-156B 15.6 寸触控版', '{"screen_size":"15.6寸","resolution":"1920x1080","brightness":"320nit","interface":"Type-C / Mini HDMI","touch":"10点电容触控","weight":"980g"}'::jsonb, array['15.6寸', '触控', '便携显示器'], 'active', '7dc95b07-ae7a-8eb7-d13a-3a9ad4b0aa65', 'cb317b8d-77f6-1a24-be7d-590bf0ba07d4', '15.6 寸便携显示器系列，适合移动办公与演示。', '2026-05-12T00:00:00.000Z', '2026-05-12T00:00:00.000Z'),
  ('5030d284-28a8-67fa-acda-8df0c7c4ad0b', '安卓平板', 'TAB-M8-64', 'TAB-M8-64 10.1 寸基础版', '{"screen_size":"10.1寸","memory":"8GB","storage":"64GB","os":"Android 13","network":"WiFi","battery":"7000mAh","keyword_hint":"行业平板"}'::jsonb, array['10.1寸', 'Android 13', '行业平板', 'WiFi'], 'active', '642a9f60-8f59-bc21-4420-ded1c0b305d6', 'cb317b8d-77f6-1a24-be7d-590bf0ba07d4', '10.1 寸行业平板系列，覆盖 WiFi 与 4G 形态。', '2026-05-12T00:00:00.000Z', '2026-05-12T00:00:00.000Z'),
  ('c0b16108-5a94-8d6c-72f4-9f44393f40af', '安卓平板', 'TAB-M8-128', 'TAB-M8-128 10.1 寸 4G 版', '{"screen_size":"10.1寸","memory":"8GB","storage":"128GB","os":"Android 13","network":"4G 全网通","battery":"7600mAh","keyword_hint":"10.1寸 4G 平板"}'::jsonb, array['10.1寸', 'Android 13', '4G', '行业平板'], 'active', '642a9f60-8f59-bc21-4420-ded1c0b305d6', 'cb317b8d-77f6-1a24-be7d-590bf0ba07d4', '10.1 寸行业平板系列，覆盖 WiFi 与 4G 形态。', '2026-05-12T00:00:00.000Z', '2026-05-12T00:00:00.000Z'),
  ('1fdd8fa4-e30b-b6ea-da24-db1f58aaf622', '安卓平板', 'TAB-R10-WIFI', 'TAB-R10-WIFI 10.1 寸 WiFi 版', '{"screen_size":"10.1寸","memory":"8GB","storage":"128GB","os":"Android 13","network":"WiFi","protection":"IP65","battery":"9000mAh","keyword_hint":"三防平板"}'::jsonb, array['10.1寸', '三防平板', 'WiFi', 'IP65'], 'active', '642a9f60-8f59-bc21-4420-ded1c0b305d6', '466ece69-0bb2-195a-5d99-872345bc61f6', '10.1 寸三防平板系列，适合仓储、巡检与车载场景。', '2026-05-12T00:00:00.000Z', '2026-05-12T00:00:00.000Z'),
  ('8c274cec-9d38-4e02-8bd0-7099ebb6c8b0', '安卓平板', 'TAB-R10-4G', 'TAB-R10-4G 10.1 寸 4G 版', '{"screen_size":"10.1寸","memory":"8GB","storage":"128GB","os":"Android 13","network":"4G 全网通","protection":"IP65","battery":"10000mAh","brightness":"600nit","keyword_hint":"4G 三防平板"}'::jsonb, array['10.1寸', '三防平板', '4G', 'IP65', '高亮'], 'active', '642a9f60-8f59-bc21-4420-ded1c0b305d6', '466ece69-0bb2-195a-5d99-872345bc61f6', '10.1 寸三防平板系列，适合仓储、巡检与车载场景。', '2026-05-12T00:00:00.000Z', '2026-05-12T00:00:00.000Z'),
  ('89d481f5-6cfc-bd3e-2c4f-bab030cecabd', '安卓平板', 'DT312-64', 'DT312-64 Windows 基础版', '{"screen_size":"10.1寸","memory":"8GB","storage":"64GB","os":"Windows 11","cpu":"Intel N200","network":"WiFi","keyword_hint":"DT312 Windows 平板"}'::jsonb, array['DT312', 'Windows', '基础版'], 'active', '642a9f60-8f59-bc21-4420-ded1c0b305d6', 'a7c44cb2-b113-83a5-2f25-4fa48a8bf905', 'Windows 行业终端系列，适合移动作业与巡检。', '2026-05-12T00:00:00.000Z', '2026-05-12T00:00:00.000Z'),
  ('bab374f4-c49c-3e70-2efb-708a78959499', '安卓平板', 'DT312-128', 'DT312-128 Windows 高配版', '{"screen_size":"10.1寸","memory":"8GB","storage":"128GB","os":"Windows 11","cpu":"Intel N200","network":"WiFi / 蓝牙","keyword_hint":"DT312 128GB"}'::jsonb, array['DT312', 'Windows', '128GB', '高配版'], 'active', '642a9f60-8f59-bc21-4420-ded1c0b305d6', 'a7c44cb2-b113-83a5-2f25-4fa48a8bf905', 'Windows 行业终端系列，适合移动作业与巡检。', '2026-05-12T00:00:00.000Z', '2026-05-12T00:00:00.000Z'),
  ('45ab119a-12ba-0e72-b5af-4edccb95c0eb', '无人机配件', 'AX20-S', 'AX20-S 1080P 轻载版', '{"resolution":"1080P","zoom":"定焦","weight":"420g","interface":"UART / PWM","keyword_hint":"云台相机"}'::jsonb, array['云台相机', '1080P', '轻载版'], 'active', '87f0885b-eff9-3b04-33f1-3b576ded9c30', '9a2f4e1a-780a-f23f-e06a-f567a1639f27', '无人机云台相机模组系列，适合航拍、测绘与巡检。', '2026-05-12T00:00:00.000Z', '2026-05-12T00:00:00.000Z'),
  ('32722c2d-04b9-890f-b14a-6306cc009af1', '无人机配件', 'AX20-P', 'AX20-P 1080P 变焦版', '{"resolution":"1080P","zoom":"10x 变焦","weight":"480g","interface":"UART / PWM / Ethernet","keyword_hint":"云台相机 变焦"}'::jsonb, array['云台相机', '1080P', '变焦版', '测绘'], 'active', '87f0885b-eff9-3b04-33f1-3b576ded9c30', '9a2f4e1a-780a-f23f-e06a-f567a1639f27', '无人机云台相机模组系列，适合航拍、测绘与巡检。', '2026-05-12T00:00:00.000Z', '2026-05-12T00:00:00.000Z'),
  ('3b4ce5e2-eb02-e003-bdc7-40fe8fba2a97', '无人机配件', 'BAT-X6-5200', 'BAT-X6-5200 5200mAh 标准版', '{"capacity":"5200mAh","battery":"6S LiPo","voltage":"22.2V","endurance":"32min","keyword_hint":"无人机电池"}'::jsonb, array['无人机电池', '5200mAh', '标准版'], 'active', '87f0885b-eff9-3b04-33f1-3b576ded9c30', '9a2f4e1a-780a-f23f-e06a-f567a1639f27', '无人机电池系列，覆盖不同容量与续航需求。', '2026-05-12T00:00:00.000Z', '2026-05-12T00:00:00.000Z'),
  ('7913a5f0-74a6-11c0-b1c9-1a55d8d7aeff', '无人机配件', 'BAT-X6-6800', 'BAT-X6-6800 6800mAh 长航版', '{"capacity":"6800mAh","battery":"6S LiPo","voltage":"22.2V","endurance":"42min","keyword_hint":"6800mAh 电池"}'::jsonb, array['无人机电池', '6800mAh', '长航时'], 'active', '87f0885b-eff9-3b04-33f1-3b576ded9c30', '9a2f4e1a-780a-f23f-e06a-f567a1639f27', '无人机电池系列，覆盖不同容量与续航需求。', '2026-05-12T00:00:00.000Z', '2026-05-12T00:00:00.000Z'),
  ('909f80d1-2604-be31-933d-18711c213bd1', '无人机配件', 'TX-580A', 'TX-580A 基础版', '{"frequency":"5.8GHz","latency":"120ms","interface":"HDMI","power":"1.5W","keyword_hint":"图传模块"}'::jsonb, array['图传模块', '5.8G', '基础版'], 'active', '87f0885b-eff9-3b04-33f1-3b576ded9c30', '9a2f4e1a-780a-f23f-e06a-f567a1639f27', '5.8G 图传模块系列，适合无人机实时回传。', '2026-05-12T00:00:00.000Z', '2026-05-12T00:00:00.000Z'),
  ('41eab5b1-a046-ccdf-5eb9-b23e3d505d28', '无人机配件', 'TX-580B', 'TX-580B 增强版，低延迟', '{"frequency":"5.8GHz","latency":"80ms","interface":"HDMI / Ethernet","power":"1.8W","keyword_hint":"低延迟 图传"}'::jsonb, array['图传模块', '5.8G', '低延迟'], 'active', '87f0885b-eff9-3b04-33f1-3b576ded9c30', '9a2f4e1a-780a-f23f-e06a-f567a1639f27', '5.8G 图传模块系列，适合无人机实时回传。', '2026-05-12T00:00:00.000Z', '2026-05-12T00:00:00.000Z'),
  ('11e8ac5c-7c48-2486-5360-ab061ce0f637', '工业元件', 'MB-IMX-A', 'MB-IMX-A 基础接口版', '{"cpu":"NXP i.MX8","memory":"4GB","storage":"32GB eMMC","interface":"2xLAN / 4xUSB","keyword_hint":"工业主板"}'::jsonb, array['工业主板', 'IMX', '基础接口'], 'active', 'ace71181-3eb4-845f-6f08-6a7b75763cf3', '28e48a29-0bcb-c615-1002-4bea52a01210', '基于 i.MX8 的工业主板系列，覆盖基础接口与扩展 IO。', '2026-05-12T00:00:00.000Z', '2026-05-12T00:00:00.000Z'),
  ('8a635a38-afb7-87fb-e518-2bf2d0c2cc6c', '工业元件', 'MB-IMX-B', 'MB-IMX-B 扩展 IO 版', '{"cpu":"NXP i.MX8","memory":"8GB","storage":"64GB eMMC","interface":"2xLAN / CAN / RS485 / GPIO","keyword_hint":"工业主板 扩展IO"}'::jsonb, array['工业主板', 'IMX', '扩展IO'], 'active', 'ace71181-3eb4-845f-6f08-6a7b75763cf3', '28e48a29-0bcb-c615-1002-4bea52a01210', '基于 i.MX8 的工业主板系列，覆盖基础接口与扩展 IO。', '2026-05-12T00:00:00.000Z', '2026-05-12T00:00:00.000Z'),
  ('30648a2f-3d98-693b-e6e3-b0b2246be2fa', '工业元件', 'SEN-T100-I', 'SEN-T100-I 室内监测版', '{"voltage":"12V DC","protocol":"RS485 Modbus","temperature":"-10~60C","humidity":"0~95%RH","keyword_hint":"温湿度传感器"}'::jsonb, array['温湿度传感器', '室内版', 'RS485'], 'active', 'ace71181-3eb4-845f-6f08-6a7b75763cf3', 'd1ce9360-b384-b7fc-d65e-141e309ec82d', '温湿度传感器系列，覆盖室内与室外工业环境。', '2026-05-12T00:00:00.000Z', '2026-05-12T00:00:00.000Z'),
  ('95ca0a93-a94a-acae-4054-4ddb53321ea4', '工业元件', 'SEN-T100-O', 'SEN-T100-O 室外工业版', '{"voltage":"24V DC","protocol":"RS485 Modbus","temperature":"-40~85C","humidity":"0~100%RH","keyword_hint":"室外工业传感器"}'::jsonb, array['温湿度传感器', '室外版', '工业环境'], 'active', 'ace71181-3eb4-845f-6f08-6a7b75763cf3', 'd1ce9360-b384-b7fc-d65e-141e309ec82d', '温湿度传感器系列，覆盖室内与室外工业环境。', '2026-05-12T00:00:00.000Z', '2026-05-12T00:00:00.000Z'),
  ('a37e943a-182a-a539-57a9-4b04751d840c', '工业元件', 'CTRL-200A', 'CTRL-200A 标准控制版', '{"voltage":"24V DC","protocol":"Modbus RTU","io":"8DI / 8DO","temperature":"-20~70C","keyword_hint":"控制模块"}'::jsonb, array['控制模块', '标准版', 'Modbus'], 'active', 'ace71181-3eb4-845f-6f08-6a7b75763cf3', 'd1ce9360-b384-b7fc-d65e-141e309ec82d', '工业控制模块系列，适合设备接入与远程控制。', '2026-05-12T00:00:00.000Z', '2026-05-12T00:00:00.000Z'),
  ('c7352965-7d15-ac7f-c446-28b8f41a5e8c', '工业元件', 'CTRL-200B', 'CTRL-200B 高配通信版', '{"voltage":"24V DC","protocol":"Modbus TCP / CAN","io":"16DI / 16DO","temperature":"-20~70C","keyword_hint":"控制模块 远程"}'::jsonb, array['控制模块', '高配通信版', '远程控制'], 'active', 'ace71181-3eb4-845f-6f08-6a7b75763cf3', 'd1ce9360-b384-b7fc-d65e-141e309ec82d', '工业控制模块系列，适合设备接入与远程控制。', '2026-05-12T00:00:00.000Z', '2026-05-12T00:00:00.000Z')
on conflict (id) do update
set category = excluded.category, model = excluded.model, name = excluded.name, spec_json = excluded.spec_json, tags = excluded.tags, status = excluded.status, category_id = excluded.category_id, brand_id = excluded.brand_id, description = excluded.description, updated_at = excluded.updated_at;

insert into public.product_spec_items (id, variant_id, section_key, section_label, spec_key, spec_label, spec_value_text, spec_value_number, value_json, is_filterable, sort_order, created_at, updated_at)
values
  ('1817de46-2035-9b62-8b77-30e6e1c45666', 'd551e948-cc8d-3e79-4e2c-bd58060611f2', 'general', 'General', 'screen_size', 'screen_size', '21.5寸', null, null, true, 0, '2026-05-12T00:00:00.000Z', '2026-05-12T00:00:00.000Z'),
  ('d2b2098d-0f8e-ee1b-b284-c4058d946d36', 'd551e948-cc8d-3e79-4e2c-bd58060611f2', 'general', 'General', 'resolution', 'resolution', '1920x1080', null, null, true, 1, '2026-05-12T00:00:00.000Z', '2026-05-12T00:00:00.000Z'),
  ('780db3ef-9527-3e8b-fce9-0aa9884c0657', 'd551e948-cc8d-3e79-4e2c-bd58060611f2', 'general', 'General', 'brightness', 'brightness', '250nit', null, null, true, 2, '2026-05-12T00:00:00.000Z', '2026-05-12T00:00:00.000Z'),
  ('09a38fd0-1f5e-93e0-b0a1-3e1466ce8ab2', 'd551e948-cc8d-3e79-4e2c-bd58060611f2', 'general', 'General', 'interface', 'interface', 'HDMI / VGA / USB', null, null, false, 3, '2026-05-12T00:00:00.000Z', '2026-05-12T00:00:00.000Z'),
  ('a74edf51-b08e-18d5-a5b0-78fe98aab50d', 'd551e948-cc8d-3e79-4e2c-bd58060611f2', 'general', 'General', 'panel', 'panel', 'IPS', null, null, false, 4, '2026-05-12T00:00:00.000Z', '2026-05-12T00:00:00.000Z'),
  ('bf015aba-75ec-0bc3-ff75-1800b5cd94c7', 'd551e948-cc8d-3e79-4e2c-bd58060611f2', 'general', 'General', 'mounting', 'mounting', 'VESA 100', null, null, false, 5, '2026-05-12T00:00:00.000Z', '2026-05-12T00:00:00.000Z'),
  ('62530483-e922-3fe9-3d26-5e4d32019b24', 'd551e948-cc8d-3e79-4e2c-bd58060611f2', 'general', 'General', 'keyword_hint', 'keyword_hint', '工业显示 产线', null, null, false, 6, '2026-05-12T00:00:00.000Z', '2026-05-12T00:00:00.000Z'),
  ('e1ee0289-72c3-8d93-e427-51c29ccb1630', '6665e9e3-1f24-edc1-a553-26a873d5b300', 'general', 'General', 'screen_size', 'screen_size', '21.5寸', null, null, true, 0, '2026-05-12T00:00:00.000Z', '2026-05-12T00:00:00.000Z'),
  ('2cef3c23-bb82-c080-bb6a-e52b01370a69', '6665e9e3-1f24-edc1-a553-26a873d5b300', 'general', 'General', 'resolution', 'resolution', '1920x1080', null, null, true, 1, '2026-05-12T00:00:00.000Z', '2026-05-12T00:00:00.000Z'),
  ('77ec9250-7f86-7e3b-e079-a300bfbf6f39', '6665e9e3-1f24-edc1-a553-26a873d5b300', 'general', 'General', 'brightness', 'brightness', '350nit', null, null, true, 2, '2026-05-12T00:00:00.000Z', '2026-05-12T00:00:00.000Z'),
  ('2ac6565e-bc04-741b-3b19-02f0800ca16b', '6665e9e3-1f24-edc1-a553-26a873d5b300', 'general', 'General', 'interface', 'interface', 'HDMI / DP / USB', null, null, false, 3, '2026-05-12T00:00:00.000Z', '2026-05-12T00:00:00.000Z'),
  ('24ef0830-2e5e-3cad-58fb-7e99499435b1', '6665e9e3-1f24-edc1-a553-26a873d5b300', 'general', 'General', 'touch', 'touch', '10点电容触控', null, null, false, 4, '2026-05-12T00:00:00.000Z', '2026-05-12T00:00:00.000Z'),
  ('3c2a85fe-d79b-3cae-0995-c355b4a65550', '6665e9e3-1f24-edc1-a553-26a873d5b300', 'general', 'General', 'panel', 'panel', 'IPS', null, null, false, 5, '2026-05-12T00:00:00.000Z', '2026-05-12T00:00:00.000Z'),
  ('9b76c60e-4a98-3c7b-738b-44de987bd46f', '6665e9e3-1f24-edc1-a553-26a873d5b300', 'general', 'General', 'mounting', 'mounting', 'VESA 100', null, null, false, 6, '2026-05-12T00:00:00.000Z', '2026-05-12T00:00:00.000Z'),
  ('d46271af-d8c4-62fa-693b-425f1412e44a', '6665e9e3-1f24-edc1-a553-26a873d5b300', 'general', 'General', 'keyword_hint', 'keyword_hint', '工业显示 触控', null, null, false, 7, '2026-05-12T00:00:00.000Z', '2026-05-12T00:00:00.000Z'),
  ('95df4d1e-edf2-18f6-56b6-ac733ad75bb6', '02300424-01b2-0c46-b926-674e271a5f05', 'general', 'General', 'screen_size', 'screen_size', '27寸', null, null, true, 0, '2026-05-12T00:00:00.000Z', '2026-05-12T00:00:00.000Z'),
  ('d5836000-6f6b-8193-2f27-87a1dc86bd6d', '02300424-01b2-0c46-b926-674e271a5f05', 'general', 'General', 'resolution', 'resolution', '1920x1080', null, null, true, 1, '2026-05-12T00:00:00.000Z', '2026-05-12T00:00:00.000Z'),
  ('872c4225-35b4-0099-50a2-e9b0c810887c', '02300424-01b2-0c46-b926-674e271a5f05', 'general', 'General', 'brightness', 'brightness', '300nit', null, null, true, 2, '2026-05-12T00:00:00.000Z', '2026-05-12T00:00:00.000Z'),
  ('afdc1f8d-3ade-4578-672d-bc70a7f9ea5b', '02300424-01b2-0c46-b926-674e271a5f05', 'general', 'General', 'interface', 'interface', 'HDMI / VGA', null, null, false, 3, '2026-05-12T00:00:00.000Z', '2026-05-12T00:00:00.000Z'),
  ('c0b1bf5f-615e-3acb-73e5-5335d0b7fef8', '02300424-01b2-0c46-b926-674e271a5f05', 'general', 'General', 'panel', 'panel', 'IPS', null, null, false, 4, '2026-05-12T00:00:00.000Z', '2026-05-12T00:00:00.000Z'),
  ('da84ed3a-4841-dd52-5e71-1ed57713e8a5', '02300424-01b2-0c46-b926-674e271a5f05', 'general', 'General', 'mounting', 'mounting', 'VESA 100', null, null, false, 5, '2026-05-12T00:00:00.000Z', '2026-05-12T00:00:00.000Z'),
  ('12321ec1-3827-ab2d-04bc-14d69becd5f4', '489fd17c-251f-853e-ffd5-5763d2d1dc20', 'general', 'General', 'screen_size', 'screen_size', '27寸', null, null, true, 0, '2026-05-12T00:00:00.000Z', '2026-05-12T00:00:00.000Z'),
  ('88d2b094-9ddc-bc9e-e48b-72d48c7a7a50', '489fd17c-251f-853e-ffd5-5763d2d1dc20', 'general', 'General', 'resolution', 'resolution', '2560x1440', null, null, true, 1, '2026-05-12T00:00:00.000Z', '2026-05-12T00:00:00.000Z'),
  ('a2d4d5a3-f5e0-26d7-9bf3-f192302469fa', '489fd17c-251f-853e-ffd5-5763d2d1dc20', 'general', 'General', 'brightness', 'brightness', '500nit', null, null, true, 2, '2026-05-12T00:00:00.000Z', '2026-05-12T00:00:00.000Z'),
  ('38a33686-f0e9-7391-e34f-601b3c5063f3', '489fd17c-251f-853e-ffd5-5763d2d1dc20', 'general', 'General', 'interface', 'interface', 'HDMI / DP', null, null, false, 3, '2026-05-12T00:00:00.000Z', '2026-05-12T00:00:00.000Z'),
  ('9f1be128-9906-bdc4-9b22-179a76f81853', '489fd17c-251f-853e-ffd5-5763d2d1dc20', 'general', 'General', 'panel', 'panel', 'IPS', null, null, false, 4, '2026-05-12T00:00:00.000Z', '2026-05-12T00:00:00.000Z'),
  ('bd15e7c7-7473-b094-7853-90168b8b1b2b', '489fd17c-251f-853e-ffd5-5763d2d1dc20', 'general', 'General', 'mounting', 'mounting', 'VESA 100', null, null, false, 5, '2026-05-12T00:00:00.000Z', '2026-05-12T00:00:00.000Z'),
  ('9a81a2a8-0b31-303f-6937-677c379f8f20', 'e2752e7a-cff0-dd52-d852-7fd04971225a', 'general', 'General', 'screen_size', 'screen_size', '15.6寸', null, null, true, 0, '2026-05-12T00:00:00.000Z', '2026-05-12T00:00:00.000Z'),
  ('d78139ea-a802-60bd-1912-2d9fd350984a', 'e2752e7a-cff0-dd52-d852-7fd04971225a', 'general', 'General', 'resolution', 'resolution', '1920x1080', null, null, true, 1, '2026-05-12T00:00:00.000Z', '2026-05-12T00:00:00.000Z'),
  ('0845a74f-8388-7b35-b3a9-b003b7222ce0', 'e2752e7a-cff0-dd52-d852-7fd04971225a', 'general', 'General', 'brightness', 'brightness', '280nit', null, null, true, 2, '2026-05-12T00:00:00.000Z', '2026-05-12T00:00:00.000Z'),
  ('64ad91c9-d4c0-61c6-2006-7f2f284b3a48', 'e2752e7a-cff0-dd52-d852-7fd04971225a', 'general', 'General', 'interface', 'interface', 'Type-C / Mini HDMI', null, null, false, 3, '2026-05-12T00:00:00.000Z', '2026-05-12T00:00:00.000Z'),
  ('10d590ad-1243-dd9e-55d9-b495f74cb2bd', 'e2752e7a-cff0-dd52-d852-7fd04971225a', 'general', 'General', 'weight', 'weight', '920g', null, null, false, 4, '2026-05-12T00:00:00.000Z', '2026-05-12T00:00:00.000Z'),
  ('fec152e1-4c12-7ffa-1a4a-454b59751cff', 'e2752e7a-cff0-dd52-d852-7fd04971225a', 'general', 'General', 'keyword_hint', 'keyword_hint', '便携显示器', null, null, false, 5, '2026-05-12T00:00:00.000Z', '2026-05-12T00:00:00.000Z'),
  ('b9c6b98b-e57a-c3aa-af2a-4b86dc4c6648', '9e960320-fbbc-6591-fdab-02c19d3f09d6', 'general', 'General', 'screen_size', 'screen_size', '15.6寸', null, null, true, 0, '2026-05-12T00:00:00.000Z', '2026-05-12T00:00:00.000Z'),
  ('d2a5403a-971c-2554-da03-b0ba3cc9f1d1', '9e960320-fbbc-6591-fdab-02c19d3f09d6', 'general', 'General', 'resolution', 'resolution', '1920x1080', null, null, true, 1, '2026-05-12T00:00:00.000Z', '2026-05-12T00:00:00.000Z'),
  ('69dab5a6-6bcf-cbaf-5776-5091fe44079b', '9e960320-fbbc-6591-fdab-02c19d3f09d6', 'general', 'General', 'brightness', 'brightness', '320nit', null, null, true, 2, '2026-05-12T00:00:00.000Z', '2026-05-12T00:00:00.000Z'),
  ('d779d38f-9aef-0554-66ce-c0fd9de33e61', '9e960320-fbbc-6591-fdab-02c19d3f09d6', 'general', 'General', 'interface', 'interface', 'Type-C / Mini HDMI', null, null, false, 3, '2026-05-12T00:00:00.000Z', '2026-05-12T00:00:00.000Z'),
  ('170f1233-28ab-37c0-9765-d46da028a589', '9e960320-fbbc-6591-fdab-02c19d3f09d6', 'general', 'General', 'touch', 'touch', '10点电容触控', null, null, false, 4, '2026-05-12T00:00:00.000Z', '2026-05-12T00:00:00.000Z'),
  ('7c7fb36c-59c8-b42e-b1b9-f066ef90ee52', '9e960320-fbbc-6591-fdab-02c19d3f09d6', 'general', 'General', 'weight', 'weight', '980g', null, null, false, 5, '2026-05-12T00:00:00.000Z', '2026-05-12T00:00:00.000Z'),
  ('6d144034-265a-c773-0755-4e0ea7e74e74', '5030d284-28a8-67fa-acda-8df0c7c4ad0b', 'general', 'General', 'screen_size', 'screen_size', '10.1寸', null, null, true, 0, '2026-05-12T00:00:00.000Z', '2026-05-12T00:00:00.000Z'),
  ('05062d8e-3212-b8b3-9748-ff36db2e6d51', '5030d284-28a8-67fa-acda-8df0c7c4ad0b', 'general', 'General', 'memory', 'memory', '8GB', null, null, true, 1, '2026-05-12T00:00:00.000Z', '2026-05-12T00:00:00.000Z'),
  ('b4a7ece3-9fe4-c53c-f949-5f784a785dcc', '5030d284-28a8-67fa-acda-8df0c7c4ad0b', 'general', 'General', 'storage', 'storage', '64GB', null, null, true, 2, '2026-05-12T00:00:00.000Z', '2026-05-12T00:00:00.000Z'),
  ('88564809-d6b1-a9b1-f97c-0656b88e2fb7', '5030d284-28a8-67fa-acda-8df0c7c4ad0b', 'general', 'General', 'os', 'os', 'Android 13', null, null, true, 3, '2026-05-12T00:00:00.000Z', '2026-05-12T00:00:00.000Z'),
  ('4530bf21-e40e-06de-07f0-48d91a4020f5', '5030d284-28a8-67fa-acda-8df0c7c4ad0b', 'general', 'General', 'network', 'network', 'WiFi', null, null, true, 4, '2026-05-12T00:00:00.000Z', '2026-05-12T00:00:00.000Z'),
  ('5fe6a3f3-3dda-37a6-dc05-052717b36a83', '5030d284-28a8-67fa-acda-8df0c7c4ad0b', 'general', 'General', 'battery', 'battery', '7000mAh', null, null, true, 5, '2026-05-12T00:00:00.000Z', '2026-05-12T00:00:00.000Z'),
  ('7bc6d8fb-a6a3-48f6-e8d7-d1923c4429f8', '5030d284-28a8-67fa-acda-8df0c7c4ad0b', 'general', 'General', 'keyword_hint', 'keyword_hint', '行业平板', null, null, false, 6, '2026-05-12T00:00:00.000Z', '2026-05-12T00:00:00.000Z'),
  ('d016bd5b-dd78-e6d0-bda8-36806633717d', 'c0b16108-5a94-8d6c-72f4-9f44393f40af', 'general', 'General', 'screen_size', 'screen_size', '10.1寸', null, null, true, 0, '2026-05-12T00:00:00.000Z', '2026-05-12T00:00:00.000Z'),
  ('c124379e-7e22-8f4d-6cad-7f780e430012', 'c0b16108-5a94-8d6c-72f4-9f44393f40af', 'general', 'General', 'memory', 'memory', '8GB', null, null, true, 1, '2026-05-12T00:00:00.000Z', '2026-05-12T00:00:00.000Z'),
  ('6d2a32d7-56c1-46b5-6969-07247a573b64', 'c0b16108-5a94-8d6c-72f4-9f44393f40af', 'general', 'General', 'storage', 'storage', '128GB', null, null, true, 2, '2026-05-12T00:00:00.000Z', '2026-05-12T00:00:00.000Z'),
  ('50d5d423-e9e7-e9dd-365d-68a1f366d1d0', 'c0b16108-5a94-8d6c-72f4-9f44393f40af', 'general', 'General', 'os', 'os', 'Android 13', null, null, true, 3, '2026-05-12T00:00:00.000Z', '2026-05-12T00:00:00.000Z'),
  ('f8661ef8-cc0f-cec8-97b7-87fff34fbcb4', 'c0b16108-5a94-8d6c-72f4-9f44393f40af', 'general', 'General', 'network', 'network', '4G 全网通', null, null, true, 4, '2026-05-12T00:00:00.000Z', '2026-05-12T00:00:00.000Z'),
  ('4a43cc38-6ddf-384d-b748-7ee3ea09646f', 'c0b16108-5a94-8d6c-72f4-9f44393f40af', 'general', 'General', 'battery', 'battery', '7600mAh', null, null, true, 5, '2026-05-12T00:00:00.000Z', '2026-05-12T00:00:00.000Z'),
  ('c9ea5490-3e94-9862-91aa-8f1de99d34c8', 'c0b16108-5a94-8d6c-72f4-9f44393f40af', 'general', 'General', 'keyword_hint', 'keyword_hint', '10.1寸 4G 平板', null, null, false, 6, '2026-05-12T00:00:00.000Z', '2026-05-12T00:00:00.000Z'),
  ('4340b7ec-ac8d-cdb7-2fad-c45381298b4b', '1fdd8fa4-e30b-b6ea-da24-db1f58aaf622', 'general', 'General', 'screen_size', 'screen_size', '10.1寸', null, null, true, 0, '2026-05-12T00:00:00.000Z', '2026-05-12T00:00:00.000Z'),
  ('2b251ba4-0b20-318d-6786-fe3d614fdf1e', '1fdd8fa4-e30b-b6ea-da24-db1f58aaf622', 'general', 'General', 'memory', 'memory', '8GB', null, null, true, 1, '2026-05-12T00:00:00.000Z', '2026-05-12T00:00:00.000Z'),
  ('c260c9a4-9287-889b-dab5-aa784dc71b07', '1fdd8fa4-e30b-b6ea-da24-db1f58aaf622', 'general', 'General', 'storage', 'storage', '128GB', null, null, true, 2, '2026-05-12T00:00:00.000Z', '2026-05-12T00:00:00.000Z'),
  ('f02e4b81-bd40-56ff-3ced-084c138697d6', '1fdd8fa4-e30b-b6ea-da24-db1f58aaf622', 'general', 'General', 'os', 'os', 'Android 13', null, null, true, 3, '2026-05-12T00:00:00.000Z', '2026-05-12T00:00:00.000Z'),
  ('8e89cad9-4ca1-630d-a4bc-ae98bb1acf01', '1fdd8fa4-e30b-b6ea-da24-db1f58aaf622', 'general', 'General', 'network', 'network', 'WiFi', null, null, true, 4, '2026-05-12T00:00:00.000Z', '2026-05-12T00:00:00.000Z'),
  ('dd138c65-be41-1eb7-ee01-f7d067f75176', '1fdd8fa4-e30b-b6ea-da24-db1f58aaf622', 'general', 'General', 'protection', 'protection', 'IP65', null, null, false, 5, '2026-05-12T00:00:00.000Z', '2026-05-12T00:00:00.000Z'),
  ('958c54a8-88a2-c003-303e-66ff4ea0d350', '1fdd8fa4-e30b-b6ea-da24-db1f58aaf622', 'general', 'General', 'battery', 'battery', '9000mAh', null, null, true, 6, '2026-05-12T00:00:00.000Z', '2026-05-12T00:00:00.000Z'),
  ('9b5bbd4c-cb5c-cb06-b84a-582b7a6182ce', '1fdd8fa4-e30b-b6ea-da24-db1f58aaf622', 'general', 'General', 'keyword_hint', 'keyword_hint', '三防平板', null, null, false, 7, '2026-05-12T00:00:00.000Z', '2026-05-12T00:00:00.000Z'),
  ('674623f7-df7f-469b-751b-50cc2a6afb0e', '8c274cec-9d38-4e02-8bd0-7099ebb6c8b0', 'general', 'General', 'screen_size', 'screen_size', '10.1寸', null, null, true, 0, '2026-05-12T00:00:00.000Z', '2026-05-12T00:00:00.000Z'),
  ('0a8b936c-1b81-6150-b17e-6418da188a23', '8c274cec-9d38-4e02-8bd0-7099ebb6c8b0', 'general', 'General', 'memory', 'memory', '8GB', null, null, true, 1, '2026-05-12T00:00:00.000Z', '2026-05-12T00:00:00.000Z'),
  ('54bfd3b4-8055-1d81-00dd-4a40ab042dd1', '8c274cec-9d38-4e02-8bd0-7099ebb6c8b0', 'general', 'General', 'storage', 'storage', '128GB', null, null, true, 2, '2026-05-12T00:00:00.000Z', '2026-05-12T00:00:00.000Z'),
  ('52bf2e93-927c-c0c5-2b70-4dda8cb02b6e', '8c274cec-9d38-4e02-8bd0-7099ebb6c8b0', 'general', 'General', 'os', 'os', 'Android 13', null, null, true, 3, '2026-05-12T00:00:00.000Z', '2026-05-12T00:00:00.000Z'),
  ('c414d810-fa25-1c4a-63a9-cd15839e61db', '8c274cec-9d38-4e02-8bd0-7099ebb6c8b0', 'general', 'General', 'network', 'network', '4G 全网通', null, null, true, 4, '2026-05-12T00:00:00.000Z', '2026-05-12T00:00:00.000Z'),
  ('22600284-504b-6a73-9c3d-307961862159', '8c274cec-9d38-4e02-8bd0-7099ebb6c8b0', 'general', 'General', 'protection', 'protection', 'IP65', null, null, false, 5, '2026-05-12T00:00:00.000Z', '2026-05-12T00:00:00.000Z'),
  ('a159226b-5958-9740-38ed-7f5752450152', '8c274cec-9d38-4e02-8bd0-7099ebb6c8b0', 'general', 'General', 'battery', 'battery', '10000mAh', null, null, true, 6, '2026-05-12T00:00:00.000Z', '2026-05-12T00:00:00.000Z'),
  ('b763fdf7-7da0-5707-4ed6-44f67f7cd832', '8c274cec-9d38-4e02-8bd0-7099ebb6c8b0', 'general', 'General', 'brightness', 'brightness', '600nit', null, null, true, 7, '2026-05-12T00:00:00.000Z', '2026-05-12T00:00:00.000Z'),
  ('3733ced2-b60c-f7a0-c597-cb36b5f78d66', '8c274cec-9d38-4e02-8bd0-7099ebb6c8b0', 'general', 'General', 'keyword_hint', 'keyword_hint', '4G 三防平板', null, null, false, 8, '2026-05-12T00:00:00.000Z', '2026-05-12T00:00:00.000Z'),
  ('a6e1f96b-0bb3-c752-45ff-d65542dda53b', '89d481f5-6cfc-bd3e-2c4f-bab030cecabd', 'general', 'General', 'screen_size', 'screen_size', '10.1寸', null, null, true, 0, '2026-05-12T00:00:00.000Z', '2026-05-12T00:00:00.000Z'),
  ('7745c2fc-bd94-0fb5-9b6d-3d3f5a7c23b7', '89d481f5-6cfc-bd3e-2c4f-bab030cecabd', 'general', 'General', 'memory', 'memory', '8GB', null, null, true, 1, '2026-05-12T00:00:00.000Z', '2026-05-12T00:00:00.000Z'),
  ('dcbbc7d2-d7a6-bef3-4cff-76093b2546e3', '89d481f5-6cfc-bd3e-2c4f-bab030cecabd', 'general', 'General', 'storage', 'storage', '64GB', null, null, true, 2, '2026-05-12T00:00:00.000Z', '2026-05-12T00:00:00.000Z'),
  ('83e0b527-af32-34b9-d22f-2c5644d2a1f9', '89d481f5-6cfc-bd3e-2c4f-bab030cecabd', 'general', 'General', 'os', 'os', 'Windows 11', null, null, true, 3, '2026-05-12T00:00:00.000Z', '2026-05-12T00:00:00.000Z'),
  ('67a00231-ee0d-6411-a41f-6b95eeb623f7', '89d481f5-6cfc-bd3e-2c4f-bab030cecabd', 'general', 'General', 'cpu', 'cpu', 'Intel N200', null, null, false, 4, '2026-05-12T00:00:00.000Z', '2026-05-12T00:00:00.000Z'),
  ('d6424f63-d231-7a14-1c4b-aca85e788839', '89d481f5-6cfc-bd3e-2c4f-bab030cecabd', 'general', 'General', 'network', 'network', 'WiFi', null, null, true, 5, '2026-05-12T00:00:00.000Z', '2026-05-12T00:00:00.000Z'),
  ('db9b1209-24bd-ab72-2da0-f3b1a263ffe8', '89d481f5-6cfc-bd3e-2c4f-bab030cecabd', 'general', 'General', 'keyword_hint', 'keyword_hint', 'DT312 Windows 平板', null, null, false, 6, '2026-05-12T00:00:00.000Z', '2026-05-12T00:00:00.000Z'),
  ('0814ab72-8213-de56-f697-51901253ff2a', 'bab374f4-c49c-3e70-2efb-708a78959499', 'general', 'General', 'screen_size', 'screen_size', '10.1寸', null, null, true, 0, '2026-05-12T00:00:00.000Z', '2026-05-12T00:00:00.000Z'),
  ('9fe7e86f-bd73-05b2-363e-f677a5b6acfd', 'bab374f4-c49c-3e70-2efb-708a78959499', 'general', 'General', 'memory', 'memory', '8GB', null, null, true, 1, '2026-05-12T00:00:00.000Z', '2026-05-12T00:00:00.000Z'),
  ('a6244ba5-e538-ebcd-a464-1adffde0e1a6', 'bab374f4-c49c-3e70-2efb-708a78959499', 'general', 'General', 'storage', 'storage', '128GB', null, null, true, 2, '2026-05-12T00:00:00.000Z', '2026-05-12T00:00:00.000Z'),
  ('68a5e8e9-7f61-b306-16ca-99fb577b7fd6', 'bab374f4-c49c-3e70-2efb-708a78959499', 'general', 'General', 'os', 'os', 'Windows 11', null, null, true, 3, '2026-05-12T00:00:00.000Z', '2026-05-12T00:00:00.000Z'),
  ('3ee4a61d-8873-077b-6674-4f02ac0a6982', 'bab374f4-c49c-3e70-2efb-708a78959499', 'general', 'General', 'cpu', 'cpu', 'Intel N200', null, null, false, 4, '2026-05-12T00:00:00.000Z', '2026-05-12T00:00:00.000Z'),
  ('42339ac8-1094-2890-3399-cae9e282066d', 'bab374f4-c49c-3e70-2efb-708a78959499', 'general', 'General', 'network', 'network', 'WiFi / 蓝牙', null, null, true, 5, '2026-05-12T00:00:00.000Z', '2026-05-12T00:00:00.000Z'),
  ('ebb4d9c1-5131-a818-b5ef-79d7d3011f82', 'bab374f4-c49c-3e70-2efb-708a78959499', 'general', 'General', 'keyword_hint', 'keyword_hint', 'DT312 128GB', null, null, false, 6, '2026-05-12T00:00:00.000Z', '2026-05-12T00:00:00.000Z'),
  ('0c37ed15-6d46-9846-4fe9-eafdfa23f49d', '45ab119a-12ba-0e72-b5af-4edccb95c0eb', 'general', 'General', 'resolution', 'resolution', '1080P', null, null, true, 0, '2026-05-12T00:00:00.000Z', '2026-05-12T00:00:00.000Z'),
  ('4ff77ec4-38c7-3308-8f4b-27480254701c', '45ab119a-12ba-0e72-b5af-4edccb95c0eb', 'general', 'General', 'zoom', 'zoom', '定焦', null, null, false, 1, '2026-05-12T00:00:00.000Z', '2026-05-12T00:00:00.000Z'),
  ('6c2bec98-1720-3db2-1cf2-724dcd3081aa', '45ab119a-12ba-0e72-b5af-4edccb95c0eb', 'general', 'General', 'weight', 'weight', '420g', null, null, false, 2, '2026-05-12T00:00:00.000Z', '2026-05-12T00:00:00.000Z'),
  ('1c182f3a-b583-951f-2563-847b241803b9', '45ab119a-12ba-0e72-b5af-4edccb95c0eb', 'general', 'General', 'interface', 'interface', 'UART / PWM', null, null, false, 3, '2026-05-12T00:00:00.000Z', '2026-05-12T00:00:00.000Z'),
  ('f7a65ba6-b066-8b2e-34b6-69520f110545', '45ab119a-12ba-0e72-b5af-4edccb95c0eb', 'general', 'General', 'keyword_hint', 'keyword_hint', '云台相机', null, null, false, 4, '2026-05-12T00:00:00.000Z', '2026-05-12T00:00:00.000Z'),
  ('1a720210-6ed2-6ba1-ab1c-117926a123f5', '32722c2d-04b9-890f-b14a-6306cc009af1', 'general', 'General', 'resolution', 'resolution', '1080P', null, null, true, 0, '2026-05-12T00:00:00.000Z', '2026-05-12T00:00:00.000Z'),
  ('03d64033-c312-714a-fd6e-ea3161802770', '32722c2d-04b9-890f-b14a-6306cc009af1', 'general', 'General', 'zoom', 'zoom', '10x 变焦', null, null, false, 1, '2026-05-12T00:00:00.000Z', '2026-05-12T00:00:00.000Z'),
  ('c387f1f1-9374-72dd-5489-e127ed7e8b07', '32722c2d-04b9-890f-b14a-6306cc009af1', 'general', 'General', 'weight', 'weight', '480g', null, null, false, 2, '2026-05-12T00:00:00.000Z', '2026-05-12T00:00:00.000Z'),
  ('3cca007c-b817-f5c8-9291-e24e4b68b533', '32722c2d-04b9-890f-b14a-6306cc009af1', 'general', 'General', 'interface', 'interface', 'UART / PWM / Ethernet', null, null, false, 3, '2026-05-12T00:00:00.000Z', '2026-05-12T00:00:00.000Z'),
  ('855c4dfc-e832-1a44-a015-be06abce5b27', '32722c2d-04b9-890f-b14a-6306cc009af1', 'general', 'General', 'keyword_hint', 'keyword_hint', '云台相机 变焦', null, null, false, 4, '2026-05-12T00:00:00.000Z', '2026-05-12T00:00:00.000Z'),
  ('3972745b-d8a2-1c9e-365e-2be3e20ba58e', '3b4ce5e2-eb02-e003-bdc7-40fe8fba2a97', 'general', 'General', 'capacity', 'capacity', '5200mAh', null, null, true, 0, '2026-05-12T00:00:00.000Z', '2026-05-12T00:00:00.000Z'),
  ('dea2d54b-6460-f908-af7c-5040673547a7', '3b4ce5e2-eb02-e003-bdc7-40fe8fba2a97', 'general', 'General', 'battery', 'battery', '6S LiPo', null, null, true, 1, '2026-05-12T00:00:00.000Z', '2026-05-12T00:00:00.000Z'),
  ('50249e53-e129-f94d-f332-8f8b2342cbef', '3b4ce5e2-eb02-e003-bdc7-40fe8fba2a97', 'general', 'General', 'voltage', 'voltage', '22.2V', null, null, true, 2, '2026-05-12T00:00:00.000Z', '2026-05-12T00:00:00.000Z'),
  ('15e6f592-bdb4-cd7e-babb-e4a03fce411c', '3b4ce5e2-eb02-e003-bdc7-40fe8fba2a97', 'general', 'General', 'endurance', 'endurance', '32min', null, null, false, 3, '2026-05-12T00:00:00.000Z', '2026-05-12T00:00:00.000Z'),
  ('c177c4e6-2edb-7053-5490-549e27b69f94', '3b4ce5e2-eb02-e003-bdc7-40fe8fba2a97', 'general', 'General', 'keyword_hint', 'keyword_hint', '无人机电池', null, null, false, 4, '2026-05-12T00:00:00.000Z', '2026-05-12T00:00:00.000Z'),
  ('3c296161-7a4f-c5bb-00bb-3b609029433b', '7913a5f0-74a6-11c0-b1c9-1a55d8d7aeff', 'general', 'General', 'capacity', 'capacity', '6800mAh', null, null, true, 0, '2026-05-12T00:00:00.000Z', '2026-05-12T00:00:00.000Z'),
  ('93733da6-45c5-965f-4cb5-4537bc9ca53b', '7913a5f0-74a6-11c0-b1c9-1a55d8d7aeff', 'general', 'General', 'battery', 'battery', '6S LiPo', null, null, true, 1, '2026-05-12T00:00:00.000Z', '2026-05-12T00:00:00.000Z'),
  ('97ede00f-44f5-3d5d-c85c-39e0cd7d9cd6', '7913a5f0-74a6-11c0-b1c9-1a55d8d7aeff', 'general', 'General', 'voltage', 'voltage', '22.2V', null, null, true, 2, '2026-05-12T00:00:00.000Z', '2026-05-12T00:00:00.000Z'),
  ('4a458472-9985-69f8-a047-f6977113d6f2', '7913a5f0-74a6-11c0-b1c9-1a55d8d7aeff', 'general', 'General', 'endurance', 'endurance', '42min', null, null, false, 3, '2026-05-12T00:00:00.000Z', '2026-05-12T00:00:00.000Z'),
  ('1fcca11f-eff7-23d9-4e3d-ad215ab560ed', '7913a5f0-74a6-11c0-b1c9-1a55d8d7aeff', 'general', 'General', 'keyword_hint', 'keyword_hint', '6800mAh 电池', null, null, false, 4, '2026-05-12T00:00:00.000Z', '2026-05-12T00:00:00.000Z'),
  ('4af4b63f-e869-50c0-cb11-fa662c608ef4', '909f80d1-2604-be31-933d-18711c213bd1', 'general', 'General', 'frequency', 'frequency', '5.8GHz', null, null, false, 0, '2026-05-12T00:00:00.000Z', '2026-05-12T00:00:00.000Z'),
  ('485da7bd-fff9-b053-fa01-efe89053d8a8', '909f80d1-2604-be31-933d-18711c213bd1', 'general', 'General', 'latency', 'latency', '120ms', null, null, false, 1, '2026-05-12T00:00:00.000Z', '2026-05-12T00:00:00.000Z'),
  ('df93e993-adda-17c0-d898-205ab9bd6bf4', '909f80d1-2604-be31-933d-18711c213bd1', 'general', 'General', 'interface', 'interface', 'HDMI', null, null, false, 2, '2026-05-12T00:00:00.000Z', '2026-05-12T00:00:00.000Z'),
  ('bef0d391-7924-bfc5-706b-d327a7513abb', '909f80d1-2604-be31-933d-18711c213bd1', 'general', 'General', 'power', 'power', '1.5W', null, null, false, 3, '2026-05-12T00:00:00.000Z', '2026-05-12T00:00:00.000Z'),
  ('698d6b86-de4f-72b9-4754-3b05cf0a880b', '909f80d1-2604-be31-933d-18711c213bd1', 'general', 'General', 'keyword_hint', 'keyword_hint', '图传模块', null, null, false, 4, '2026-05-12T00:00:00.000Z', '2026-05-12T00:00:00.000Z'),
  ('4d2b173e-647e-2e40-4cd6-933354082331', '41eab5b1-a046-ccdf-5eb9-b23e3d505d28', 'general', 'General', 'frequency', 'frequency', '5.8GHz', null, null, false, 0, '2026-05-12T00:00:00.000Z', '2026-05-12T00:00:00.000Z'),
  ('d94e385e-928c-897d-bd4d-cedf10832887', '41eab5b1-a046-ccdf-5eb9-b23e3d505d28', 'general', 'General', 'latency', 'latency', '80ms', null, null, false, 1, '2026-05-12T00:00:00.000Z', '2026-05-12T00:00:00.000Z'),
  ('ecaa2afd-ed32-9785-213b-97e3d5ceabb0', '41eab5b1-a046-ccdf-5eb9-b23e3d505d28', 'general', 'General', 'interface', 'interface', 'HDMI / Ethernet', null, null, false, 2, '2026-05-12T00:00:00.000Z', '2026-05-12T00:00:00.000Z'),
  ('aaa3397e-7db0-98d9-aa27-28b991dd37b0', '41eab5b1-a046-ccdf-5eb9-b23e3d505d28', 'general', 'General', 'power', 'power', '1.8W', null, null, false, 3, '2026-05-12T00:00:00.000Z', '2026-05-12T00:00:00.000Z'),
  ('55c442d6-d528-7bb8-556c-63ab1c67a816', '41eab5b1-a046-ccdf-5eb9-b23e3d505d28', 'general', 'General', 'keyword_hint', 'keyword_hint', '低延迟 图传', null, null, false, 4, '2026-05-12T00:00:00.000Z', '2026-05-12T00:00:00.000Z'),
  ('5f54ebd4-0adf-3ed0-d126-043b2ee5f6c0', '11e8ac5c-7c48-2486-5360-ab061ce0f637', 'general', 'General', 'cpu', 'cpu', 'NXP i.MX8', null, null, false, 0, '2026-05-12T00:00:00.000Z', '2026-05-12T00:00:00.000Z'),
  ('8fcc554a-426a-8036-1b5b-e5d95614c1c6', '11e8ac5c-7c48-2486-5360-ab061ce0f637', 'general', 'General', 'memory', 'memory', '4GB', null, null, true, 1, '2026-05-12T00:00:00.000Z', '2026-05-12T00:00:00.000Z'),
  ('8df7722e-ce5d-8de4-a355-6ee21d62e069', '11e8ac5c-7c48-2486-5360-ab061ce0f637', 'general', 'General', 'storage', 'storage', '32GB eMMC', null, null, true, 2, '2026-05-12T00:00:00.000Z', '2026-05-12T00:00:00.000Z'),
  ('bb377b5e-99f2-1dac-58af-1378c8b2a021', '11e8ac5c-7c48-2486-5360-ab061ce0f637', 'general', 'General', 'interface', 'interface', '2xLAN / 4xUSB', null, null, false, 3, '2026-05-12T00:00:00.000Z', '2026-05-12T00:00:00.000Z'),
  ('4bb43c67-71f4-6be6-922f-f797a96caf87', '11e8ac5c-7c48-2486-5360-ab061ce0f637', 'general', 'General', 'keyword_hint', 'keyword_hint', '工业主板', null, null, false, 4, '2026-05-12T00:00:00.000Z', '2026-05-12T00:00:00.000Z'),
  ('bea11c89-c30a-de6d-9197-b7a42052c748', '8a635a38-afb7-87fb-e518-2bf2d0c2cc6c', 'general', 'General', 'cpu', 'cpu', 'NXP i.MX8', null, null, false, 0, '2026-05-12T00:00:00.000Z', '2026-05-12T00:00:00.000Z'),
  ('a3608e55-d419-36de-2120-2b9369d856b8', '8a635a38-afb7-87fb-e518-2bf2d0c2cc6c', 'general', 'General', 'memory', 'memory', '8GB', null, null, true, 1, '2026-05-12T00:00:00.000Z', '2026-05-12T00:00:00.000Z'),
  ('1bcce474-3110-85a9-786a-5941fb69e0cf', '8a635a38-afb7-87fb-e518-2bf2d0c2cc6c', 'general', 'General', 'storage', 'storage', '64GB eMMC', null, null, true, 2, '2026-05-12T00:00:00.000Z', '2026-05-12T00:00:00.000Z'),
  ('aa743998-85bf-417f-60ac-1ea5693df585', '8a635a38-afb7-87fb-e518-2bf2d0c2cc6c', 'general', 'General', 'interface', 'interface', '2xLAN / CAN / RS485 / GPIO', null, null, false, 3, '2026-05-12T00:00:00.000Z', '2026-05-12T00:00:00.000Z'),
  ('b4a153db-b8b5-19e6-e2b5-f997583d3316', '8a635a38-afb7-87fb-e518-2bf2d0c2cc6c', 'general', 'General', 'keyword_hint', 'keyword_hint', '工业主板 扩展IO', null, null, false, 4, '2026-05-12T00:00:00.000Z', '2026-05-12T00:00:00.000Z'),
  ('433a6100-fdd7-9e13-ecca-3fe9e895c216', '30648a2f-3d98-693b-e6e3-b0b2246be2fa', 'general', 'General', 'voltage', 'voltage', '12V DC', null, null, true, 0, '2026-05-12T00:00:00.000Z', '2026-05-12T00:00:00.000Z'),
  ('6c55d831-07df-e266-b869-58e333e44da0', '30648a2f-3d98-693b-e6e3-b0b2246be2fa', 'general', 'General', 'protocol', 'protocol', 'RS485 Modbus', null, null, false, 1, '2026-05-12T00:00:00.000Z', '2026-05-12T00:00:00.000Z'),
  ('29b09d78-5780-cf70-09c1-17248c2ee4a7', '30648a2f-3d98-693b-e6e3-b0b2246be2fa', 'general', 'General', 'temperature', 'temperature', '-10~60C', null, null, true, 2, '2026-05-12T00:00:00.000Z', '2026-05-12T00:00:00.000Z'),
  ('560f2b7f-704c-4780-9d7c-0cfdc4c8996c', '30648a2f-3d98-693b-e6e3-b0b2246be2fa', 'general', 'General', 'humidity', 'humidity', '0~95%RH', null, null, false, 3, '2026-05-12T00:00:00.000Z', '2026-05-12T00:00:00.000Z'),
  ('964edb7c-fc9b-49b7-48c3-a3ba04e86c90', '30648a2f-3d98-693b-e6e3-b0b2246be2fa', 'general', 'General', 'keyword_hint', 'keyword_hint', '温湿度传感器', null, null, false, 4, '2026-05-12T00:00:00.000Z', '2026-05-12T00:00:00.000Z'),
  ('a633c649-2a7a-3419-9bf5-74aa606d1b47', '95ca0a93-a94a-acae-4054-4ddb53321ea4', 'general', 'General', 'voltage', 'voltage', '24V DC', null, null, true, 0, '2026-05-12T00:00:00.000Z', '2026-05-12T00:00:00.000Z'),
  ('7073ab20-24f7-f6f1-06be-efa8cfba37ec', '95ca0a93-a94a-acae-4054-4ddb53321ea4', 'general', 'General', 'protocol', 'protocol', 'RS485 Modbus', null, null, false, 1, '2026-05-12T00:00:00.000Z', '2026-05-12T00:00:00.000Z'),
  ('e50086cf-1cfc-4a2e-9c23-85d4d72c0511', '95ca0a93-a94a-acae-4054-4ddb53321ea4', 'general', 'General', 'temperature', 'temperature', '-40~85C', null, null, true, 2, '2026-05-12T00:00:00.000Z', '2026-05-12T00:00:00.000Z'),
  ('7cb2d59f-91fc-d3b8-3e4c-ffd5cd431ccf', '95ca0a93-a94a-acae-4054-4ddb53321ea4', 'general', 'General', 'humidity', 'humidity', '0~100%RH', null, null, false, 3, '2026-05-12T00:00:00.000Z', '2026-05-12T00:00:00.000Z'),
  ('baaff466-2394-ec01-38d5-267048375458', '95ca0a93-a94a-acae-4054-4ddb53321ea4', 'general', 'General', 'keyword_hint', 'keyword_hint', '室外工业传感器', null, null, false, 4, '2026-05-12T00:00:00.000Z', '2026-05-12T00:00:00.000Z'),
  ('f672ad63-2a01-3aa3-ffa3-3fa2fa4e4d62', 'a37e943a-182a-a539-57a9-4b04751d840c', 'general', 'General', 'voltage', 'voltage', '24V DC', null, null, true, 0, '2026-05-12T00:00:00.000Z', '2026-05-12T00:00:00.000Z'),
  ('729fde94-afc7-e1d1-c62c-26503a1977fb', 'a37e943a-182a-a539-57a9-4b04751d840c', 'general', 'General', 'protocol', 'protocol', 'Modbus RTU', null, null, false, 1, '2026-05-12T00:00:00.000Z', '2026-05-12T00:00:00.000Z'),
  ('06193053-656a-a404-1391-82d2d80dbdb8', 'a37e943a-182a-a539-57a9-4b04751d840c', 'general', 'General', 'io', 'io', '8DI / 8DO', null, null, false, 2, '2026-05-12T00:00:00.000Z', '2026-05-12T00:00:00.000Z'),
  ('e5703caf-1b09-2aa8-dce7-c068c02ab4dd', 'a37e943a-182a-a539-57a9-4b04751d840c', 'general', 'General', 'temperature', 'temperature', '-20~70C', null, null, true, 3, '2026-05-12T00:00:00.000Z', '2026-05-12T00:00:00.000Z'),
  ('f20ffa1a-b462-3878-ba36-ea62c752675d', 'a37e943a-182a-a539-57a9-4b04751d840c', 'general', 'General', 'keyword_hint', 'keyword_hint', '控制模块', null, null, false, 4, '2026-05-12T00:00:00.000Z', '2026-05-12T00:00:00.000Z'),
  ('70dd846d-be66-26e6-4479-2bd5da9b3fa4', 'c7352965-7d15-ac7f-c446-28b8f41a5e8c', 'general', 'General', 'voltage', 'voltage', '24V DC', null, null, true, 0, '2026-05-12T00:00:00.000Z', '2026-05-12T00:00:00.000Z'),
  ('f3ff5afa-e347-0068-65ce-41972a56e5a6', 'c7352965-7d15-ac7f-c446-28b8f41a5e8c', 'general', 'General', 'protocol', 'protocol', 'Modbus TCP / CAN', null, null, false, 1, '2026-05-12T00:00:00.000Z', '2026-05-12T00:00:00.000Z'),
  ('ecef8b18-68d7-1271-a400-80ded92cf6b9', 'c7352965-7d15-ac7f-c446-28b8f41a5e8c', 'general', 'General', 'io', 'io', '16DI / 16DO', null, null, false, 2, '2026-05-12T00:00:00.000Z', '2026-05-12T00:00:00.000Z'),
  ('8f1636b0-2ef6-7d3a-faad-4bc1440545d0', 'c7352965-7d15-ac7f-c446-28b8f41a5e8c', 'general', 'General', 'temperature', 'temperature', '-20~70C', null, null, true, 3, '2026-05-12T00:00:00.000Z', '2026-05-12T00:00:00.000Z'),
  ('56898375-3ffe-43f5-56c2-b501b130b9ea', 'c7352965-7d15-ac7f-c446-28b8f41a5e8c', 'general', 'General', 'keyword_hint', 'keyword_hint', '控制模块 远程', null, null, false, 4, '2026-05-12T00:00:00.000Z', '2026-05-12T00:00:00.000Z')
on conflict (id) do update
set variant_id = excluded.variant_id, section_key = excluded.section_key, section_label = excluded.section_label, spec_key = excluded.spec_key, spec_label = excluded.spec_label, spec_value_text = excluded.spec_value_text, spec_value_number = excluded.spec_value_number, value_json = excluded.value_json, is_filterable = excluded.is_filterable, sort_order = excluded.sort_order, updated_at = excluded.updated_at;

insert into public.product_companies (product_id, company_id, relationship_type, notes, created_at)
values
  ('d551e948-cc8d-3e79-4e2c-bd58060611f2', '61cad116-a3bf-9db0-c8a9-3695dbfde806', 'manufacturer', null, '2026-05-12T00:00:00.000Z'),
  ('d551e948-cc8d-3e79-4e2c-bd58060611f2', '38de539f-234d-6476-7aac-9eecc0bd05fa', 'distributor', null, '2026-05-12T00:00:00.000Z'),
  ('6665e9e3-1f24-edc1-a553-26a873d5b300', '61cad116-a3bf-9db0-c8a9-3695dbfde806', 'manufacturer', null, '2026-05-12T00:00:00.000Z'),
  ('6665e9e3-1f24-edc1-a553-26a873d5b300', '38de539f-234d-6476-7aac-9eecc0bd05fa', 'distributor', null, '2026-05-12T00:00:00.000Z'),
  ('02300424-01b2-0c46-b926-674e271a5f05', '61cad116-a3bf-9db0-c8a9-3695dbfde806', 'manufacturer', null, '2026-05-12T00:00:00.000Z'),
  ('489fd17c-251f-853e-ffd5-5763d2d1dc20', '61cad116-a3bf-9db0-c8a9-3695dbfde806', 'manufacturer', null, '2026-05-12T00:00:00.000Z'),
  ('489fd17c-251f-853e-ffd5-5763d2d1dc20', '38de539f-234d-6476-7aac-9eecc0bd05fa', 'distributor', null, '2026-05-12T00:00:00.000Z'),
  ('e2752e7a-cff0-dd52-d852-7fd04971225a', '61cad116-a3bf-9db0-c8a9-3695dbfde806', 'manufacturer', null, '2026-05-12T00:00:00.000Z'),
  ('9e960320-fbbc-6591-fdab-02c19d3f09d6', '61cad116-a3bf-9db0-c8a9-3695dbfde806', 'manufacturer', null, '2026-05-12T00:00:00.000Z'),
  ('9e960320-fbbc-6591-fdab-02c19d3f09d6', '38de539f-234d-6476-7aac-9eecc0bd05fa', 'distributor', null, '2026-05-12T00:00:00.000Z'),
  ('5030d284-28a8-67fa-acda-8df0c7c4ad0b', '5a8a908a-c392-ce50-7243-1063556a5edc', 'manufacturer', null, '2026-05-12T00:00:00.000Z'),
  ('c0b16108-5a94-8d6c-72f4-9f44393f40af', '5a8a908a-c392-ce50-7243-1063556a5edc', 'manufacturer', null, '2026-05-12T00:00:00.000Z'),
  ('c0b16108-5a94-8d6c-72f4-9f44393f40af', '38de539f-234d-6476-7aac-9eecc0bd05fa', 'distributor', null, '2026-05-12T00:00:00.000Z'),
  ('1fdd8fa4-e30b-b6ea-da24-db1f58aaf622', '5a8a908a-c392-ce50-7243-1063556a5edc', 'manufacturer', null, '2026-05-12T00:00:00.000Z'),
  ('8c274cec-9d38-4e02-8bd0-7099ebb6c8b0', '5a8a908a-c392-ce50-7243-1063556a5edc', 'manufacturer', null, '2026-05-12T00:00:00.000Z'),
  ('8c274cec-9d38-4e02-8bd0-7099ebb6c8b0', '38de539f-234d-6476-7aac-9eecc0bd05fa', 'distributor', null, '2026-05-12T00:00:00.000Z'),
  ('89d481f5-6cfc-bd3e-2c4f-bab030cecabd', '5fbb6d1d-7a1c-cbcb-5888-ed387c876e68', 'supplier', null, '2026-05-12T00:00:00.000Z'),
  ('bab374f4-c49c-3e70-2efb-708a78959499', '5fbb6d1d-7a1c-cbcb-5888-ed387c876e68', 'supplier', null, '2026-05-12T00:00:00.000Z'),
  ('bab374f4-c49c-3e70-2efb-708a78959499', '38de539f-234d-6476-7aac-9eecc0bd05fa', 'distributor', null, '2026-05-12T00:00:00.000Z'),
  ('45ab119a-12ba-0e72-b5af-4edccb95c0eb', '171bd8c4-1812-8995-8e12-556afc83b956', 'brand_owner', null, '2026-05-12T00:00:00.000Z'),
  ('32722c2d-04b9-890f-b14a-6306cc009af1', '171bd8c4-1812-8995-8e12-556afc83b956', 'brand_owner', null, '2026-05-12T00:00:00.000Z'),
  ('32722c2d-04b9-890f-b14a-6306cc009af1', '38de539f-234d-6476-7aac-9eecc0bd05fa', 'distributor', null, '2026-05-12T00:00:00.000Z'),
  ('3b4ce5e2-eb02-e003-bdc7-40fe8fba2a97', '171bd8c4-1812-8995-8e12-556afc83b956', 'brand_owner', null, '2026-05-12T00:00:00.000Z'),
  ('7913a5f0-74a6-11c0-b1c9-1a55d8d7aeff', '171bd8c4-1812-8995-8e12-556afc83b956', 'brand_owner', null, '2026-05-12T00:00:00.000Z'),
  ('7913a5f0-74a6-11c0-b1c9-1a55d8d7aeff', '38de539f-234d-6476-7aac-9eecc0bd05fa', 'distributor', null, '2026-05-12T00:00:00.000Z'),
  ('909f80d1-2604-be31-933d-18711c213bd1', '171bd8c4-1812-8995-8e12-556afc83b956', 'brand_owner', null, '2026-05-12T00:00:00.000Z'),
  ('41eab5b1-a046-ccdf-5eb9-b23e3d505d28', '171bd8c4-1812-8995-8e12-556afc83b956', 'brand_owner', null, '2026-05-12T00:00:00.000Z'),
  ('41eab5b1-a046-ccdf-5eb9-b23e3d505d28', '38de539f-234d-6476-7aac-9eecc0bd05fa', 'distributor', null, '2026-05-12T00:00:00.000Z'),
  ('11e8ac5c-7c48-2486-5360-ab061ce0f637', '374d7bb3-4ddf-0e98-0972-ba2a3638260c', 'supplier', null, '2026-05-12T00:00:00.000Z'),
  ('11e8ac5c-7c48-2486-5360-ab061ce0f637', '5fbb6d1d-7a1c-cbcb-5888-ed387c876e68', 'supplier', null, '2026-05-12T00:00:00.000Z'),
  ('8a635a38-afb7-87fb-e518-2bf2d0c2cc6c', '374d7bb3-4ddf-0e98-0972-ba2a3638260c', 'supplier', null, '2026-05-12T00:00:00.000Z'),
  ('8a635a38-afb7-87fb-e518-2bf2d0c2cc6c', '5fbb6d1d-7a1c-cbcb-5888-ed387c876e68', 'supplier', null, '2026-05-12T00:00:00.000Z'),
  ('30648a2f-3d98-693b-e6e3-b0b2246be2fa', '374d7bb3-4ddf-0e98-0972-ba2a3638260c', 'supplier', null, '2026-05-12T00:00:00.000Z'),
  ('95ca0a93-a94a-acae-4054-4ddb53321ea4', '374d7bb3-4ddf-0e98-0972-ba2a3638260c', 'supplier', null, '2026-05-12T00:00:00.000Z'),
  ('95ca0a93-a94a-acae-4054-4ddb53321ea4', '5fbb6d1d-7a1c-cbcb-5888-ed387c876e68', 'supplier', null, '2026-05-12T00:00:00.000Z'),
  ('a37e943a-182a-a539-57a9-4b04751d840c', '374d7bb3-4ddf-0e98-0972-ba2a3638260c', 'supplier', null, '2026-05-12T00:00:00.000Z'),
  ('c7352965-7d15-ac7f-c446-28b8f41a5e8c', '374d7bb3-4ddf-0e98-0972-ba2a3638260c', 'supplier', null, '2026-05-12T00:00:00.000Z'),
  ('c7352965-7d15-ac7f-c446-28b8f41a5e8c', '5fbb6d1d-7a1c-cbcb-5888-ed387c876e68', 'supplier', null, '2026-05-12T00:00:00.000Z')
on conflict (product_id, company_id, relationship_type) do update
set notes = excluded.notes, created_at = excluded.created_at;

insert into public.documents (id, title, product_model, product_id, company_id, series_id, variant_id, quote_batch_id, document_kind, file_type, category, file_url, storage_path, source_sheet_name, sort_order, is_primary, tags, created_at, updated_at)
values
  ('8f5e79a9-6917-32b4-b742-0d5efc1a51af', 'HDM-215B 主图', 'HDM-215B', '6665e9e3-1f24-edc1-a553-26a873d5b300', '61cad116-a3bf-9db0-c8a9-3695dbfde806', '6783f2f8-90ac-261e-f651-47bf1850e3c9', '6665e9e3-1f24-edc1-a553-26a873d5b300', null, 'product_image', 'image', '产品图片', 'storage://product-documents/images/hdm-215b-main.png', 'images/hdm-215b-main.png', null, 0, true, array['主图', '工业显示器'], '2026-05-12T00:00:00.000Z', '2026-05-12T00:00:00.000Z'),
  ('6b9db425-ee03-3be3-7e51-375a5525c309', 'HDM-215B 规格书', 'HDM-215B', '6665e9e3-1f24-edc1-a553-26a873d5b300', '61cad116-a3bf-9db0-c8a9-3695dbfde806', '6783f2f8-90ac-261e-f651-47bf1850e3c9', '6665e9e3-1f24-edc1-a553-26a873d5b300', null, 'spec_sheet', 'spec', '规格书', 'storage://product-documents/specs/hdm-215b-spec.pdf', 'specs/hdm-215b-spec.pdf', null, 1, false, array['规格书', '1920x1080'], '2026-05-12T00:00:00.000Z', '2026-05-12T00:00:00.000Z'),
  ('687a894f-6da0-bb5e-5eb6-07c832253bfe', 'HDM-215B 触控说明', 'HDM-215B', '6665e9e3-1f24-edc1-a553-26a873d5b300', '61cad116-a3bf-9db0-c8a9-3695dbfde806', '6783f2f8-90ac-261e-f651-47bf1850e3c9', '6665e9e3-1f24-edc1-a553-26a873d5b300', null, 'technical', 'technical', '技术资料', 'storage://product-documents/technical/hdm-215b-touch.txt', 'technical/hdm-215b-touch.txt', null, 2, false, array['触控说明', '电容'], '2026-05-12T00:00:00.000Z', '2026-05-12T00:00:00.000Z'),
  ('81e1144f-9970-07d2-2904-c2b000f58e15', 'TAB-R10-4G 主图', 'TAB-R10-4G', '8c274cec-9d38-4e02-8bd0-7099ebb6c8b0', '5a8a908a-c392-ce50-7243-1063556a5edc', '5caf688e-682d-213f-6449-5f39c7c0bdf0', '8c274cec-9d38-4e02-8bd0-7099ebb6c8b0', null, 'product_image', 'image', '产品图片', 'storage://product-documents/images/tab-r10-4g-main.png', 'images/tab-r10-4g-main.png', null, 3, true, array['主图', '三防平板'], '2026-05-12T00:00:00.000Z', '2026-05-12T00:00:00.000Z'),
  ('48e916ca-5a48-534a-89b3-2c9ecb89b322', 'TAB-R10-4G 规格书', 'TAB-R10-4G', '8c274cec-9d38-4e02-8bd0-7099ebb6c8b0', '5a8a908a-c392-ce50-7243-1063556a5edc', '5caf688e-682d-213f-6449-5f39c7c0bdf0', '8c274cec-9d38-4e02-8bd0-7099ebb6c8b0', null, 'spec_sheet', 'spec', '规格书', 'storage://product-documents/specs/tab-r10-4g-spec.pdf', 'specs/tab-r10-4g-spec.pdf', null, 4, false, array['规格书', '4G', '10.1寸'], '2026-05-12T00:00:00.000Z', '2026-05-12T00:00:00.000Z'),
  ('9f72502a-524e-df3e-951b-4b01e4b5daef', 'TAB-R10-4G 选型说明', 'TAB-R10-4G', '8c274cec-9d38-4e02-8bd0-7099ebb6c8b0', '5a8a908a-c392-ce50-7243-1063556a5edc', '5caf688e-682d-213f-6449-5f39c7c0bdf0', '8c274cec-9d38-4e02-8bd0-7099ebb6c8b0', null, 'technical', 'technical', '技术资料', 'storage://product-documents/technical/tab-r10-4g-selection.txt', 'technical/tab-r10-4g-selection.txt', null, 5, false, array['选型说明', '三防'], '2026-05-12T00:00:00.000Z', '2026-05-12T00:00:00.000Z'),
  ('c16ed1a0-292d-90ce-07ed-fdaeaabcb071', 'TAB-R10-4G 报价附件', 'TAB-R10-4G', '8c274cec-9d38-4e02-8bd0-7099ebb6c8b0', '5a8a908a-c392-ce50-7243-1063556a5edc', '5caf688e-682d-213f-6449-5f39c7c0bdf0', '8c274cec-9d38-4e02-8bd0-7099ebb6c8b0', null, 'quote_workbook', 'quote', '报价附件', 'storage://product-documents/quotes/tab-r10-4g-quote.txt', 'quotes/tab-r10-4g-quote.txt', 'TAB-R10-4G', 6, false, array['报价附件'], '2026-05-12T00:00:00.000Z', '2026-05-12T00:00:00.000Z'),
  ('972171dc-d78b-84b8-4847-014185d149dc', 'DT312-128 主图', 'DT312-128', 'bab374f4-c49c-3e70-2efb-708a78959499', '5fbb6d1d-7a1c-cbcb-5888-ed387c876e68', 'aee2d80c-493d-6905-9964-ce53c1976fa6', 'bab374f4-c49c-3e70-2efb-708a78959499', null, 'product_image', 'image', '产品图片', 'storage://product-documents/images/dt312-128-main.png', 'images/dt312-128-main.png', null, 7, true, array['主图', '行业终端'], '2026-05-12T00:00:00.000Z', '2026-05-12T00:00:00.000Z'),
  ('e3ffb30d-0530-3ff7-2d88-95eeac3515ef', 'DT312-128 规格书 V1.3', 'DT312-128', 'bab374f4-c49c-3e70-2efb-708a78959499', '5fbb6d1d-7a1c-cbcb-5888-ed387c876e68', 'aee2d80c-493d-6905-9964-ce53c1976fa6', 'bab374f4-c49c-3e70-2efb-708a78959499', null, 'spec_sheet', 'spec', '规格书', 'storage://product-documents/specs/dt312-128-spec.pdf', 'specs/dt312-128-spec.pdf', null, 8, false, array['规格书', 'Windows 11'], '2026-05-12T00:00:00.000Z', '2026-05-12T00:00:00.000Z'),
  ('edc761c4-894e-5c5f-9516-8d0687f75bb5', 'DT312-128 集成说明', 'DT312-128', 'bab374f4-c49c-3e70-2efb-708a78959499', '5fbb6d1d-7a1c-cbcb-5888-ed387c876e68', 'aee2d80c-493d-6905-9964-ce53c1976fa6', 'bab374f4-c49c-3e70-2efb-708a78959499', null, 'technical', 'technical', '技术资料', 'storage://product-documents/technical/dt312-128-integration.txt', 'technical/dt312-128-integration.txt', null, 9, false, array['集成说明'], '2026-05-12T00:00:00.000Z', '2026-05-12T00:00:00.000Z'),
  ('bbd6bc65-9876-5a25-d77d-9f0a92dae62d', 'DT312-128 报价单', 'DT312-128', 'bab374f4-c49c-3e70-2efb-708a78959499', '5fbb6d1d-7a1c-cbcb-5888-ed387c876e68', 'aee2d80c-493d-6905-9964-ce53c1976fa6', 'bab374f4-c49c-3e70-2efb-708a78959499', null, 'quote_workbook', 'quote', '报价附件', 'storage://product-documents/quotes/dt312-128-quote.txt', 'quotes/dt312-128-quote.txt', 'DT312-128', 10, false, array['项目报价'], '2026-05-12T00:00:00.000Z', '2026-05-12T00:00:00.000Z'),
  ('934914d0-80b4-a9bd-38fe-d4a6a13debaa', 'AX20-P 主图', 'AX20-P', '32722c2d-04b9-890f-b14a-6306cc009af1', '171bd8c4-1812-8995-8e12-556afc83b956', '2cf2e0d5-9c3d-ced1-23ef-184df264fea0', '32722c2d-04b9-890f-b14a-6306cc009af1', null, 'product_image', 'image', '产品图片', 'storage://product-documents/images/ax20-p-main.png', 'images/ax20-p-main.png', null, 11, true, array['主图', '云台相机'], '2026-05-12T00:00:00.000Z', '2026-05-12T00:00:00.000Z'),
  ('253593e7-dea5-97af-4bae-9473e4de1767', 'AX20-P 规格书', 'AX20-P', '32722c2d-04b9-890f-b14a-6306cc009af1', '171bd8c4-1812-8995-8e12-556afc83b956', '2cf2e0d5-9c3d-ced1-23ef-184df264fea0', '32722c2d-04b9-890f-b14a-6306cc009af1', null, 'spec_sheet', 'spec', '规格书', 'storage://product-documents/specs/ax20-p-spec.pdf', 'specs/ax20-p-spec.pdf', null, 12, false, array['规格书', '变焦版'], '2026-05-12T00:00:00.000Z', '2026-05-12T00:00:00.000Z'),
  ('2ea6d5d1-c75e-c589-f85a-997f2969af99', 'AX20-P 接口说明', 'AX20-P', '32722c2d-04b9-890f-b14a-6306cc009af1', '171bd8c4-1812-8995-8e12-556afc83b956', '2cf2e0d5-9c3d-ced1-23ef-184df264fea0', '32722c2d-04b9-890f-b14a-6306cc009af1', null, 'technical', 'technical', '技术资料', 'storage://product-documents/technical/ax20-p-api.txt', 'technical/ax20-p-api.txt', null, 13, false, array['接口文档'], '2026-05-12T00:00:00.000Z', '2026-05-12T00:00:00.000Z'),
  ('32d0448d-f41b-bac7-6a11-33465e526cdf', 'AX20-P 渠道报价', 'AX20-P', '32722c2d-04b9-890f-b14a-6306cc009af1', '171bd8c4-1812-8995-8e12-556afc83b956', '2cf2e0d5-9c3d-ced1-23ef-184df264fea0', '32722c2d-04b9-890f-b14a-6306cc009af1', null, 'quote_workbook', 'quote', '报价附件', 'storage://product-documents/quotes/ax20-p-quote.txt', 'quotes/ax20-p-quote.txt', 'AX20-P', 14, false, array['渠道报价'], '2026-05-12T00:00:00.000Z', '2026-05-12T00:00:00.000Z'),
  ('d59adee8-8748-1ebc-edcd-8e3da833ff3c', 'BAT-X6-6800 主图', 'BAT-X6-6800', '7913a5f0-74a6-11c0-b1c9-1a55d8d7aeff', '171bd8c4-1812-8995-8e12-556afc83b956', 'faad5b73-2c0e-ff80-061c-3295081ea70c', '7913a5f0-74a6-11c0-b1c9-1a55d8d7aeff', null, 'product_image', 'image', '产品图片', 'storage://product-documents/images/bat-x6-6800-main.png', 'images/bat-x6-6800-main.png', null, 15, true, array['主图', '6800mAh'], '2026-05-12T00:00:00.000Z', '2026-05-12T00:00:00.000Z'),
  ('d9381dc5-2c58-992c-6b74-4da7ac4b4aed', 'BAT-X6-6800 规格书', 'BAT-X6-6800', '7913a5f0-74a6-11c0-b1c9-1a55d8d7aeff', '171bd8c4-1812-8995-8e12-556afc83b956', 'faad5b73-2c0e-ff80-061c-3295081ea70c', '7913a5f0-74a6-11c0-b1c9-1a55d8d7aeff', null, 'spec_sheet', 'spec', '规格书', 'storage://product-documents/specs/bat-x6-6800-spec.pdf', 'specs/bat-x6-6800-spec.pdf', null, 16, false, array['规格书', '6800mAh'], '2026-05-12T00:00:00.000Z', '2026-05-12T00:00:00.000Z'),
  ('f02d57dc-9f73-92ef-1fed-d2a016e308ad', 'BAT-X6-6800 测试摘要', 'BAT-X6-6800', '7913a5f0-74a6-11c0-b1c9-1a55d8d7aeff', '171bd8c4-1812-8995-8e12-556afc83b956', 'faad5b73-2c0e-ff80-061c-3295081ea70c', '7913a5f0-74a6-11c0-b1c9-1a55d8d7aeff', null, 'technical', 'technical', '技术资料', 'storage://product-documents/technical/bat-x6-6800-test.txt', 'technical/bat-x6-6800-test.txt', null, 17, false, array['测试摘要', '续航说明'], '2026-05-12T00:00:00.000Z', '2026-05-12T00:00:00.000Z'),
  ('a5b8313c-3361-6a2e-a6c6-9e6dfd9bf8af', 'BAT-X6-6800 历史报价附件', 'BAT-X6-6800', '7913a5f0-74a6-11c0-b1c9-1a55d8d7aeff', '171bd8c4-1812-8995-8e12-556afc83b956', 'faad5b73-2c0e-ff80-061c-3295081ea70c', '7913a5f0-74a6-11c0-b1c9-1a55d8d7aeff', null, 'quote_workbook', 'quote', '报价附件', 'storage://product-documents/quotes/bat-x6-6800-quote.txt', 'quotes/bat-x6-6800-quote.txt', 'BAT-X6-6800', 18, false, array['历史报价'], '2026-05-12T00:00:00.000Z', '2026-05-12T00:00:00.000Z'),
  ('ce48350b-a44f-4f86-0900-f9eba4c022d8', 'CTRL-200B 主图', 'CTRL-200B', 'c7352965-7d15-ac7f-c446-28b8f41a5e8c', '374d7bb3-4ddf-0e98-0972-ba2a3638260c', '2750f7a3-ad25-7dad-de01-b16ade5f58d9', 'c7352965-7d15-ac7f-c446-28b8f41a5e8c', null, 'product_image', 'image', '产品图片', 'storage://product-documents/images/ctrl-200b-main.png', 'images/ctrl-200b-main.png', null, 19, true, array['主图', '控制模块'], '2026-05-12T00:00:00.000Z', '2026-05-12T00:00:00.000Z'),
  ('d01e8628-6d27-9d01-acb4-ff499e0a9c75', 'CTRL-200B 规格书', 'CTRL-200B', 'c7352965-7d15-ac7f-c446-28b8f41a5e8c', '374d7bb3-4ddf-0e98-0972-ba2a3638260c', '2750f7a3-ad25-7dad-de01-b16ade5f58d9', 'c7352965-7d15-ac7f-c446-28b8f41a5e8c', null, 'spec_sheet', 'spec', '规格书', 'storage://product-documents/specs/ctrl-200b-spec.pdf', 'specs/ctrl-200b-spec.pdf', null, 20, false, array['规格书', '控制模块'], '2026-05-12T00:00:00.000Z', '2026-05-12T00:00:00.000Z'),
  ('6183ba1e-1135-0029-0698-644a3ecb088c', 'CTRL-200B 接线说明', 'CTRL-200B', 'c7352965-7d15-ac7f-c446-28b8f41a5e8c', '374d7bb3-4ddf-0e98-0972-ba2a3638260c', '2750f7a3-ad25-7dad-de01-b16ade5f58d9', 'c7352965-7d15-ac7f-c446-28b8f41a5e8c', null, 'technical', 'technical', '技术资料', 'storage://product-documents/technical/ctrl-200b-wiring.txt', 'technical/ctrl-200b-wiring.txt', null, 21, false, array['接线说明', '通信'], '2026-05-12T00:00:00.000Z', '2026-05-12T00:00:00.000Z'),
  ('de294761-d55e-0f0f-e818-cd99f287f28b', 'HDM-215A 规格书', 'HDM-215A', 'd551e948-cc8d-3e79-4e2c-bd58060611f2', '61cad116-a3bf-9db0-c8a9-3695dbfde806', '6783f2f8-90ac-261e-f651-47bf1850e3c9', 'd551e948-cc8d-3e79-4e2c-bd58060611f2', null, 'spec_sheet', 'spec', '规格书', 'storage://product-documents/specs/hdm-215a-spec.pdf', 'specs/hdm-215a-spec.pdf', null, 22, false, array['规格书'], '2026-05-12T00:00:00.000Z', '2026-05-12T00:00:00.000Z'),
  ('6dd75326-8e4d-d1d6-fca4-b0ca7c6877d9', 'HDM-270B 主图', 'HDM-270B', '489fd17c-251f-853e-ffd5-5763d2d1dc20', '61cad116-a3bf-9db0-c8a9-3695dbfde806', 'b4a6aaa7-d958-f343-2a8d-fb3c1a214008', '489fd17c-251f-853e-ffd5-5763d2d1dc20', null, 'product_image', 'image', '产品图片', 'storage://product-documents/images/hdm-270b-main.png', 'images/hdm-270b-main.png', null, 23, true, array['主图', '高亮'], '2026-05-12T00:00:00.000Z', '2026-05-12T00:00:00.000Z'),
  ('4a0d43db-9150-da22-ebbd-7b72f5b373bb', 'HDM-270B 规格书', 'HDM-270B', '489fd17c-251f-853e-ffd5-5763d2d1dc20', '61cad116-a3bf-9db0-c8a9-3695dbfde806', 'b4a6aaa7-d958-f343-2a8d-fb3c1a214008', '489fd17c-251f-853e-ffd5-5763d2d1dc20', null, 'spec_sheet', 'spec', '规格书', 'storage://product-documents/specs/hdm-270b-spec.pdf', 'specs/hdm-270b-spec.pdf', null, 24, false, array['规格书', '高亮'], '2026-05-12T00:00:00.000Z', '2026-05-12T00:00:00.000Z'),
  ('d269d54b-1186-57bc-8de4-04744c49ff06', 'HT-156B 主图', 'HT-156B', '9e960320-fbbc-6591-fdab-02c19d3f09d6', '61cad116-a3bf-9db0-c8a9-3695dbfde806', '095aee72-1056-3076-f42d-2afbbbbd1dab', '9e960320-fbbc-6591-fdab-02c19d3f09d6', null, 'product_image', 'image', '产品图片', 'storage://product-documents/images/ht-156b-main.png', 'images/ht-156b-main.png', null, 25, true, array['主图', '便携显示器'], '2026-05-12T00:00:00.000Z', '2026-05-12T00:00:00.000Z'),
  ('f58af10d-07db-5b3d-ffd0-a029d27b3a1e', 'HT-156B 规格书', 'HT-156B', '9e960320-fbbc-6591-fdab-02c19d3f09d6', '61cad116-a3bf-9db0-c8a9-3695dbfde806', '095aee72-1056-3076-f42d-2afbbbbd1dab', '9e960320-fbbc-6591-fdab-02c19d3f09d6', null, 'spec_sheet', 'spec', '规格书', 'storage://product-documents/specs/ht-156b-spec.pdf', 'specs/ht-156b-spec.pdf', null, 26, false, array['规格书'], '2026-05-12T00:00:00.000Z', '2026-05-12T00:00:00.000Z'),
  ('1fee8b8c-183b-9536-c5b0-f019ea6bed9d', 'TAB-M8-128 主图', 'TAB-M8-128', 'c0b16108-5a94-8d6c-72f4-9f44393f40af', '5a8a908a-c392-ce50-7243-1063556a5edc', 'f697b95c-9999-4039-3294-1c1d0c4ff4b6', 'c0b16108-5a94-8d6c-72f4-9f44393f40af', null, 'product_image', 'image', '产品图片', 'storage://product-documents/images/tab-m8-128-main.png', 'images/tab-m8-128-main.png', null, 27, true, array['主图', '4G 平板'], '2026-05-12T00:00:00.000Z', '2026-05-12T00:00:00.000Z'),
  ('eede3d9d-72c8-abbe-2436-fb9e734459c1', 'TAB-M8-128 规格书', 'TAB-M8-128', 'c0b16108-5a94-8d6c-72f4-9f44393f40af', '5a8a908a-c392-ce50-7243-1063556a5edc', 'f697b95c-9999-4039-3294-1c1d0c4ff4b6', 'c0b16108-5a94-8d6c-72f4-9f44393f40af', null, 'spec_sheet', 'spec', '规格书', 'storage://product-documents/specs/tab-m8-128-spec.pdf', 'specs/tab-m8-128-spec.pdf', null, 28, false, array['规格书', '4G'], '2026-05-12T00:00:00.000Z', '2026-05-12T00:00:00.000Z'),
  ('786a9f2a-05e6-0f0b-2707-0e8cbfc4a9a9', 'AX20-S 主图', 'AX20-S', '45ab119a-12ba-0e72-b5af-4edccb95c0eb', '171bd8c4-1812-8995-8e12-556afc83b956', '2cf2e0d5-9c3d-ced1-23ef-184df264fea0', '45ab119a-12ba-0e72-b5af-4edccb95c0eb', null, 'product_image', 'image', '产品图片', 'storage://product-documents/images/ax20-s-main.png', 'images/ax20-s-main.png', null, 29, true, array['主图'], '2026-05-12T00:00:00.000Z', '2026-05-12T00:00:00.000Z'),
  ('df469631-b779-026e-c684-aa5311fec7b6', 'MB-IMX-B 规格书', 'MB-IMX-B', '8a635a38-afb7-87fb-e518-2bf2d0c2cc6c', '374d7bb3-4ddf-0e98-0972-ba2a3638260c', '76c72ea4-c3fd-e84a-f833-7dc7996da379', '8a635a38-afb7-87fb-e518-2bf2d0c2cc6c', null, 'spec_sheet', 'spec', '规格书', 'storage://product-documents/specs/mb-imx-b-spec.pdf', 'specs/mb-imx-b-spec.pdf', null, 30, false, array['规格书', '工业主板'], '2026-05-12T00:00:00.000Z', '2026-05-12T00:00:00.000Z'),
  ('dbc44247-3736-93dd-f689-578de29b2eec', 'SEN-T100-O 规格书', 'SEN-T100-O', '95ca0a93-a94a-acae-4054-4ddb53321ea4', '374d7bb3-4ddf-0e98-0972-ba2a3638260c', '58668b8b-4c4a-45f1-98b1-1c8ce519ff90', '95ca0a93-a94a-acae-4054-4ddb53321ea4', null, 'spec_sheet', 'spec', '规格书', 'storage://product-documents/specs/sen-t100-o-spec.pdf', 'specs/sen-t100-o-spec.pdf', null, 31, false, array['规格书', '温湿度传感器'], '2026-05-12T00:00:00.000Z', '2026-05-12T00:00:00.000Z')
on conflict (id) do update
set title = excluded.title, product_model = excluded.product_model, product_id = excluded.product_id, company_id = excluded.company_id, series_id = excluded.series_id, variant_id = excluded.variant_id, quote_batch_id = excluded.quote_batch_id, document_kind = excluded.document_kind, file_type = excluded.file_type, category = excluded.category, file_url = excluded.file_url, storage_path = excluded.storage_path, source_sheet_name = excluded.source_sheet_name, sort_order = excluded.sort_order, is_primary = excluded.is_primary, tags = excluded.tags, updated_at = excluded.updated_at;

insert into public.quote_batches (id, company_id, source_document_id, batch_title, published_at, effective_from, currency, status, entry_mode, global_note, created_at, updated_at)
values
  ('2584bd80-d3a9-8466-2e69-ea71a4cd7c6e', '38de539f-234d-6476-7aac-9eecc0bd05fa', null, 'HDM-215A 项目价 2026Q2', '2026-05-06', '2026-05-06', 'CNY', 'active', 'demo_seed', '北京数联渠道交付，交期 2 周', '2026-05-12T00:00:00.000Z', '2026-05-12T00:00:00.000Z'),
  ('39b265c3-96c3-280c-61be-3b8d490cf798', '61cad116-a3bf-9db0-c8a9-3695dbfde806', null, 'HDM-215B 工厂价 2026Q2', '2026-05-08', '2026-05-08', 'CNY', 'active', 'demo_seed', '深圳海拓显示直供', '2026-05-12T00:00:00.000Z', '2026-05-12T00:00:00.000Z'),
  ('82c7ed12-01b4-7cb6-84ab-fd4e13b5d202', '5a8a908a-c392-ce50-7243-1063556a5edc', null, 'TAB-M8-128 渠道价 2026Q2', '2026-05-04', '2026-05-04', 'CNY', 'active', 'demo_seed', '4G 全网通，10 台起订', '2026-05-12T00:00:00.000Z', '2026-05-12T00:00:00.000Z'),
  ('5d808f64-ea11-4a18-3d02-36d7807741d1', '5a8a908a-c392-ce50-7243-1063556a5edc', 'c16ed1a0-292d-90ce-07ed-fdaeaabcb071', 'TAB-R10-4G 渠道价 2026Q2', '2026-05-10', '2026-05-10', 'CNY', 'active', 'demo_seed', '4G 版本支持阶梯报价', '2026-05-12T00:00:00.000Z', '2026-05-12T00:00:00.000Z'),
  ('aa26fff3-dea0-b760-a26a-ae202b7ca329', '5fbb6d1d-7a1c-cbcb-5888-ed387c876e68', 'bbd6bc65-9876-5a25-d77d-9f0a92dae62d', 'DT312-128 项目价 2026Q2', '2026-05-02', '2026-05-02', 'CNY', 'active', 'demo_seed', 'Windows 高配版', '2026-05-12T00:00:00.000Z', '2026-05-12T00:00:00.000Z'),
  ('9f5c1cb0-3998-0f69-2a50-c3df53dca782', '171bd8c4-1812-8995-8e12-556afc83b956', null, 'AX20-P 直营价 2026Q2', '2026-05-09', '2026-05-09', 'CNY', 'active', 'demo_seed', '深圳智飞品牌直供', '2026-05-12T00:00:00.000Z', '2026-05-12T00:00:00.000Z'),
  ('1a0e9e4a-5160-375a-c198-8eadfbb3aac9', '38de539f-234d-6476-7aac-9eecc0bd05fa', '32d0448d-f41b-bac7-6a11-33465e526cdf', 'AX20-P 渠道价 2026Q2', '2026-05-11', '2026-05-11', 'CNY', 'active', 'demo_seed', '北京数联渠道供货', '2026-05-12T00:00:00.000Z', '2026-05-12T00:00:00.000Z'),
  ('9d0945ac-a672-0ddf-30c8-a8801dab563c', '171bd8c4-1812-8995-8e12-556afc83b956', null, 'BAT-X6-6800 历史价 2026Q1', '2026-04-01', '2026-04-01', 'CNY', 'expired', 'demo_seed', '用于对比上一季度价格', '2026-05-12T00:00:00.000Z', '2026-05-12T00:00:00.000Z'),
  ('6cb325ec-31c6-607d-e9b9-60fe76bddf48', '171bd8c4-1812-8995-8e12-556afc83b956', 'a5b8313c-3361-6a2e-a6c6-9e6dfd9bf8af', 'BAT-X6-6800 最新价 2026Q2', '2026-05-07', '2026-05-07', 'CNY', 'active', 'demo_seed', '新版电芯已切换', '2026-05-12T00:00:00.000Z', '2026-05-12T00:00:00.000Z'),
  ('eda6ccbb-5c6d-8237-f90d-ab40f925c706', '374d7bb3-4ddf-0e98-0972-ba2a3638260c', null, 'CTRL-200B 项目价 2026Q2', '2026-05-05', '2026-05-05', 'CNY', 'active', 'demo_seed', '支持远程升级', '2026-05-12T00:00:00.000Z', '2026-05-12T00:00:00.000Z')
on conflict (id) do update
set company_id = excluded.company_id, source_document_id = excluded.source_document_id, batch_title = excluded.batch_title, published_at = excluded.published_at, effective_from = excluded.effective_from, currency = excluded.currency, status = excluded.status, entry_mode = excluded.entry_mode, global_note = excluded.global_note, updated_at = excluded.updated_at;

insert into public.quote_lines (id, quote_batch_id, variant_id, standard_config_text, row_note, sort_order, status, created_at, updated_at)
values
  ('04969b42-4df3-8818-bc23-1de047068795', '2584bd80-d3a9-8466-2e69-ea71a4cd7c6e', 'd551e948-cc8d-3e79-4e2c-bd58060611f2', '标准版', '含基础支架', 0, 'active', '2026-05-12T00:00:00.000Z', '2026-05-12T00:00:00.000Z'),
  ('743e1325-5e46-ffe1-c1c4-53fb698d577c', '39b265c3-96c3-280c-61be-3b8d490cf798', '6665e9e3-1f24-edc1-a553-26a873d5b300', '触控版', '含触控玻璃', 0, 'active', '2026-05-12T00:00:00.000Z', '2026-05-12T00:00:00.000Z'),
  ('e75abbc3-8efa-e31c-b3d9-c25ff881b72c', '82c7ed12-01b4-7cb6-84ab-fd4e13b5d202', 'c0b16108-5a94-8d6c-72f4-9f44393f40af', '8GB + 128GB', '4G 全网通', 0, 'active', '2026-05-12T00:00:00.000Z', '2026-05-12T00:00:00.000Z'),
  ('f74f69d9-904a-e321-567b-eab1d350e520', '5d808f64-ea11-4a18-3d02-36d7807741d1', '8c274cec-9d38-4e02-8bd0-7099ebb6c8b0', '8GB + 128GB / IP65', '4G 全网通', 0, 'active', '2026-05-12T00:00:00.000Z', '2026-05-12T00:00:00.000Z'),
  ('fabd6317-aec8-113a-72d0-d5bb20f44fa8', 'aa26fff3-dea0-b760-a26a-ae202b7ca329', 'bab374f4-c49c-3e70-2efb-708a78959499', '高配版本', 'Windows 11 / 128GB', 0, 'active', '2026-05-12T00:00:00.000Z', '2026-05-12T00:00:00.000Z'),
  ('92c2f4f9-2fdb-d328-a28c-12293ea2ea75', '9f5c1cb0-3998-0f69-2a50-c3df53dca782', '32722c2d-04b9-890f-b14a-6306cc009af1', '变焦版', '含云台', 0, 'active', '2026-05-12T00:00:00.000Z', '2026-05-12T00:00:00.000Z'),
  ('72632636-1a00-ef6d-5605-110f4b03bd6b', '1a0e9e4a-5160-375a-c198-8eadfbb3aac9', '32722c2d-04b9-890f-b14a-6306cc009af1', '变焦版', '含云台', 0, 'active', '2026-05-12T00:00:00.000Z', '2026-05-12T00:00:00.000Z'),
  ('cb9c4bd3-17aa-63c0-40a6-12ba7ed91edc', '9d0945ac-a672-0ddf-30c8-a8801dab563c', '7913a5f0-74a6-11c0-b1c9-1a55d8d7aeff', '6800mAh 标准电芯', '2026Q1 批次', 0, 'active', '2026-05-12T00:00:00.000Z', '2026-05-12T00:00:00.000Z'),
  ('efa996e9-e42c-0837-8dcc-7dc27acb1c8a', '6cb325ec-31c6-607d-e9b9-60fe76bddf48', '7913a5f0-74a6-11c0-b1c9-1a55d8d7aeff', '6800mAh 新电芯', '2026Q2 批次', 0, 'active', '2026-05-12T00:00:00.000Z', '2026-05-12T00:00:00.000Z'),
  ('54423ffb-f614-cc25-1c1f-54585d48dd42', 'eda6ccbb-5c6d-8237-f90d-ab40f925c706', 'c7352965-7d15-ac7f-c446-28b8f41a5e8c', 'Modbus TCP / CAN', '含网关固件', 0, 'active', '2026-05-12T00:00:00.000Z', '2026-05-12T00:00:00.000Z')
on conflict (id) do update
set quote_batch_id = excluded.quote_batch_id, variant_id = excluded.variant_id, standard_config_text = excluded.standard_config_text, row_note = excluded.row_note, sort_order = excluded.sort_order, status = excluded.status, updated_at = excluded.updated_at;

insert into public.quote_price_tiers (id, quote_line_id, min_quantity, max_quantity, unit_price, currency, sort_order, created_at, updated_at)
values
  ('bc2862cd-1e9e-d93f-0e41-030553327570', '04969b42-4df3-8818-bc23-1de047068795', 10, null, 1280, 'CNY', 0, '2026-05-12T00:00:00.000Z', '2026-05-12T00:00:00.000Z'),
  ('a55940df-eeec-09ce-d404-28dd6320b314', '743e1325-5e46-ffe1-c1c4-53fb698d577c', 10, null, 1680, 'CNY', 0, '2026-05-12T00:00:00.000Z', '2026-05-12T00:00:00.000Z'),
  ('8e4b94ef-0a0a-98b1-5df2-e6eed5d4b7f2', 'e75abbc3-8efa-e31c-b3d9-c25ff881b72c', 10, null, 1899, 'CNY', 0, '2026-05-12T00:00:00.000Z', '2026-05-12T00:00:00.000Z'),
  ('f491fd3d-486d-24e0-54fc-4e9e1e9967a8', 'f74f69d9-904a-e321-567b-eab1d350e520', 10, null, 2380, 'CNY', 0, '2026-05-12T00:00:00.000Z', '2026-05-12T00:00:00.000Z'),
  ('66a46824-27a7-a9f8-a7ff-5aa80855976e', 'f74f69d9-904a-e321-567b-eab1d350e520', 50, null, 2280, 'CNY', 1, '2026-05-12T00:00:00.000Z', '2026-05-12T00:00:00.000Z'),
  ('0bde16c6-4fc8-bfa4-cc20-f45bd53b6233', 'f74f69d9-904a-e321-567b-eab1d350e520', 100, null, 2180, 'CNY', 2, '2026-05-12T00:00:00.000Z', '2026-05-12T00:00:00.000Z'),
  ('af0d7f61-553d-03ce-8b49-89cdeeabf861', 'fabd6317-aec8-113a-72d0-d5bb20f44fa8', 5, null, 3299, 'CNY', 0, '2026-05-12T00:00:00.000Z', '2026-05-12T00:00:00.000Z'),
  ('e755b999-2e64-1427-7c91-e13f2ca9990b', '92c2f4f9-2fdb-d328-a28c-12293ea2ea75', 5, null, 6499, 'CNY', 0, '2026-05-12T00:00:00.000Z', '2026-05-12T00:00:00.000Z'),
  ('2faf6d0d-bbbd-f513-dad2-fe5859adb689', '72632636-1a00-ef6d-5605-110f4b03bd6b', 5, null, 6880, 'CNY', 0, '2026-05-12T00:00:00.000Z', '2026-05-12T00:00:00.000Z'),
  ('3e743e3c-d45b-7032-b00f-ed6e403750c6', 'cb9c4bd3-17aa-63c0-40a6-12ba7ed91edc', 10, null, 1580, 'CNY', 0, '2026-05-12T00:00:00.000Z', '2026-05-12T00:00:00.000Z'),
  ('b4d87cdd-5922-7515-fb66-1fd0bcfd2e1b', 'efa996e9-e42c-0837-8dcc-7dc27acb1c8a', 10, null, 1680, 'CNY', 0, '2026-05-12T00:00:00.000Z', '2026-05-12T00:00:00.000Z'),
  ('fa6ecb3d-925b-f7aa-3956-939fd62d7311', '54423ffb-f614-cc25-1c1f-54585d48dd42', 10, null, 980, 'CNY', 0, '2026-05-12T00:00:00.000Z', '2026-05-12T00:00:00.000Z')
on conflict (id) do update
set quote_line_id = excluded.quote_line_id, min_quantity = excluded.min_quantity, max_quantity = excluded.max_quantity, unit_price = excluded.unit_price, currency = excluded.currency, sort_order = excluded.sort_order, updated_at = excluded.updated_at;

insert into public.quote_options (id, scope_type, quote_batch_id, quote_line_id, option_type, delta_type, price_delta, currency, option_name, description, sort_order, created_at, updated_at)
values
  ('dc336447-f0a5-087c-cfa1-7cd6c59b1d1a', 'batch', '5d808f64-ea11-4a18-3d02-36d7807741d1', null, 'accessory', 'increase', 120, 'CNY', '桌面充电底座', '选配件', 0, '2026-05-12T00:00:00.000Z', '2026-05-12T00:00:00.000Z'),
  ('454ba7d6-b384-3439-7b52-a6205f08e33d', 'line', null, '54423ffb-f614-cc25-1c1f-54585d48dd42', 'firmware', 'increase', 80, 'CNY', '远程升级固件', '选配功能', 0, '2026-05-12T00:00:00.000Z', '2026-05-12T00:00:00.000Z')
on conflict (id) do update
set scope_type = excluded.scope_type, quote_batch_id = excluded.quote_batch_id, quote_line_id = excluded.quote_line_id, option_type = excluded.option_type, delta_type = excluded.delta_type, price_delta = excluded.price_delta, currency = excluded.currency, option_name = excluded.option_name, description = excluded.description, sort_order = excluded.sort_order, updated_at = excluded.updated_at;

update public.documents set quote_batch_id = '5d808f64-ea11-4a18-3d02-36d7807741d1' where id = 'c16ed1a0-292d-90ce-07ed-fdaeaabcb071';
update public.documents set quote_batch_id = 'aa26fff3-dea0-b760-a26a-ae202b7ca329' where id = 'bbd6bc65-9876-5a25-d77d-9f0a92dae62d';
update public.documents set quote_batch_id = '1a0e9e4a-5160-375a-c198-8eadfbb3aac9' where id = '32d0448d-f41b-bac7-6a11-33465e526cdf';
update public.documents set quote_batch_id = '6cb325ec-31c6-607d-e9b9-60fe76bddf48' where id = 'a5b8313c-3361-6a2e-a6c6-9e6dfd9bf8af';

delete from public.updates where product_model in ('HDM-215A', 'HDM-215B', 'HDM-270A', 'HDM-270B', 'HT-156A', 'HT-156B', 'TAB-M8-64', 'TAB-M8-128', 'TAB-R10-WIFI', 'TAB-R10-4G', 'DT312-64', 'DT312-128', 'AX20-S', 'AX20-P', 'BAT-X6-5200', 'BAT-X6-6800', 'TX-580A', 'TX-580B', 'MB-IMX-A', 'MB-IMX-B', 'SEN-T100-I', 'SEN-T100-O', 'CTRL-200A', 'CTRL-200B') or quote_batch_id in ('2584bd80-d3a9-8466-2e69-ea71a4cd7c6e', '39b265c3-96c3-280c-61be-3b8d490cf798', '82c7ed12-01b4-7cb6-84ab-fd4e13b5d202', '5d808f64-ea11-4a18-3d02-36d7807741d1', 'aa26fff3-dea0-b760-a26a-ae202b7ca329', '9f5c1cb0-3998-0f69-2a50-c3df53dca782', '1a0e9e4a-5160-375a-c198-8eadfbb3aac9', '9d0945ac-a672-0ddf-30c8-a8801dab563c', '6cb325ec-31c6-607d-e9b9-60fe76bddf48', 'eda6ccbb-5c6d-8237-f90d-ab40f925c706') or title in ('HDM-215A 项目价 2026Q2 报价更新', 'HDM-215B 工厂价 2026Q2 报价更新', 'TAB-M8-128 渠道价 2026Q2 报价更新', 'TAB-R10-4G 渠道价 2026Q2 报价更新', 'DT312-128 项目价 2026Q2 报价更新', 'AX20-P 直营价 2026Q2 报价更新', 'AX20-P 渠道价 2026Q2 报价更新', 'BAT-X6-6800 历史价 2026Q1 报价更新', 'BAT-X6-6800 最新价 2026Q2 报价更新', 'CTRL-200B 项目价 2026Q2 报价更新');

insert into public.updates (id, type, title, content, product_model, series_id, variant_id, quote_batch_id, old_value, new_value, created_at)
values
  ('17c15936-836c-ca16-ddd5-3ff031c5fd6f', 'product', 'TAB-R10 系列新增 4G 版本', 'TAB-R10-4G 已补齐主图、4G、IP65 与 600nit 参数', 'TAB-R10-4G', '5caf688e-682d-213f-6449-5f39c7c0bdf0', '8c274cec-9d38-4e02-8bd0-7099ebb6c8b0', null, null, null, '2026-05-10T09:00:00.000Z'),
  ('1b47dab0-30e4-631d-257d-09b6b268a4e6', 'price_update', 'AX20-P 报价批次 2026Q2 已更新', 'AX20-P 直营价已更新，可对比品牌直供与渠道报价', 'AX20-P', '2cf2e0d5-9c3d-ced1-23ef-184df264fea0', '32722c2d-04b9-890f-b14a-6306cc009af1', '9f5c1cb0-3998-0f69-2a50-c3df53dca782', null, null, '2026-05-11T10:20:00.000Z'),
  ('9d460f3a-63c7-5584-c9e4-0089dbd1c7e3', 'product', 'DT312-128 规格书更新至 V1.3', '已上传 DT312-128 最新规格书与集成说明', 'DT312-128', 'aee2d80c-493d-6905-9964-ce53c1976fa6', 'bab374f4-c49c-3e70-2efb-708a78959499', null, null, null, '2026-05-08T08:10:00.000Z'),
  ('49a4de13-e3b4-b425-0710-f32464280ca3', 'notice', '五一后交期与报价同步通知', '五一假期后已同步恢复报价与交期，演示数据按 2026Q2 批次展示', null, null, null, null, null, null, '2026-05-06T07:30:00.000Z'),
  ('2630c4d4-1c37-8bec-25df-bc6f10961015', 'product', 'HDM-215B 工业显示器触控版上架', 'HDM-215B 已补齐触控版主图、规格书与参数说明', 'HDM-215B', '6783f2f8-90ac-261e-f651-47bf1850e3c9', '6665e9e3-1f24-edc1-a553-26a873d5b300', null, null, null, '2026-05-09T11:00:00.000Z'),
  ('9adfc139-9c0a-f20b-a7b1-25d9620076ae', 'price_update', 'TAB-R10-4G 阶梯报价已更新', '10 / 50 / 100 台梯度价格已同步，可用于演示批量采购场景', 'TAB-R10-4G', '5caf688e-682d-213f-6449-5f39c7c0bdf0', '8c274cec-9d38-4e02-8bd0-7099ebb6c8b0', '5d808f64-ea11-4a18-3d02-36d7807741d1', null, null, '2026-05-10T14:00:00.000Z'),
  ('6695946a-5e6d-3da9-c963-2987f86ef651', 'price_update', 'BAT-X6-6800 最新批次报价生效', '已切换 BAT-X6-6800 新批次报价与电芯说明', 'BAT-X6-6800', 'faad5b73-2c0e-ff80-061c-3295081ea70c', '7913a5f0-74a6-11c0-b1c9-1a55d8d7aeff', '6cb325ec-31c6-607d-e9b9-60fe76bddf48', null, null, '2026-05-07T15:40:00.000Z'),
  ('a85cb0f3-23f6-4cc9-6ebc-809f846d7ddb', 'price_update', 'CTRL-200B 项目报价已更新', 'CTRL-200B 项目报价已同步远程升级固件选配', 'CTRL-200B', '2750f7a3-ad25-7dad-de01-b16ade5f58d9', 'c7352965-7d15-ac7f-c446-28b8f41a5e8c', 'eda6ccbb-5c6d-8237-f90d-ab40f925c706', null, null, '2026-05-05T13:20:00.000Z'),
  ('a4be3e60-0b3d-d93f-913c-43ab72596fd6', 'product', 'BAT-X6-6800 测试资料已补齐', '已上传 BAT-X6-6800 测试摘要与续航说明', 'BAT-X6-6800', 'faad5b73-2c0e-ff80-061c-3295081ea70c', '7913a5f0-74a6-11c0-b1c9-1a55d8d7aeff', null, null, null, '2026-05-07T10:00:00.000Z'),
  ('35c0df5d-516e-12c7-de50-163711ebe657', 'product', 'CTRL-200B 接线资料已发布', '已补充 CTRL-200B 接线说明与通信参数', 'CTRL-200B', '2750f7a3-ad25-7dad-de01-b16ade5f58d9', 'c7352965-7d15-ac7f-c446-28b8f41a5e8c', null, null, null, '2026-05-05T09:20:00.000Z'),
  ('8610f463-fe4e-6379-e757-20f93b43b684', 'product', 'MB-IMX 新增扩展 IO 版本', 'MB-IMX-B 已补齐 CAN、RS485 与 GPIO 扩展 IO 参数', 'MB-IMX-B', '76c72ea4-c3fd-e84a-f833-7dc7996da379', '8a635a38-afb7-87fb-e518-2bf2d0c2cc6c', null, null, null, '2026-05-04T16:20:00.000Z'),
  ('76d46a80-aadb-bc90-c546-6bf77c0e151b', 'product', 'AX20-P 接口文档已补齐', 'AX20-P 已新增 UART、PWM、Ethernet 接口说明', 'AX20-P', '2cf2e0d5-9c3d-ced1-23ef-184df264fea0', '32722c2d-04b9-890f-b14a-6306cc009af1', null, null, null, '2026-05-09T08:30:00.000Z')
on conflict (id) do update
set type = excluded.type, title = excluded.title, content = excluded.content, product_model = excluded.product_model, series_id = excluded.series_id, variant_id = excluded.variant_id, quote_batch_id = excluded.quote_batch_id, old_value = excluded.old_value, new_value = excluded.new_value, created_at = excluded.created_at;

commit;

